180.0,180.0,180.0,180.0,180.0,180.0,180.0,180.0,180.0,180.0,180.0,180.0,180.0,179.0,179.0,179.0,178.0,178.0,178.0,178.0,179.0,179.0,179.0,179.0,179.0,179.0,179.0,178.0,177.0,177.0,176.0,176.0,176.0,176.0,176.0,176.0,176.0,176.0,175.0,175.0,175.0,175.0,175.0,,,,,,,,,,,,,,,,,,,,,,,,,,,,,,,,,,,,,,,,,,,,,,,,,,,,,,,,,,,,,,,,,,,,,,,,,,,,,,,,,,,,,,,,,,,,,,,,,,,,,,,,,,,,,,,,,,,,,,,,,,,,,,,,,,,,,,,,,,,,,,,,,,,,,,,,,,,,,,,,,,,,,,,,,,,,,,,,,,,,,,,,,,,,,,,,,,,,,,,,,,,,,,,,,,,,,,,,,,,,,,,,,,,,,,,,,,,,,,,,,,,,,,,,,,,,,,,,,
177.0,177.0,177.0,177.0,177.0,177.0,177.0,177.0,177.0,177.0,177.0,176.0,176.0,176.0,176.0,176.0,176.0,176.0,176.0,176.0,176.0,176.0,176.0,176.0,176.0,176.0,176.0,176.0,176.0,176.0,177.0,177.0,177.0,177.0,177.0,,,,,,,,,,,,,,,,,,,,,,,,,,,,,,,,,,,,,,,,,,,,,,,,,,,,,,,,,,,,,,,,,,,,,,,,,,,,,,,,,,,,,,,,,,,,,,,,,,,,,,,,,,,,,,,,,,,,,,,,,,,,,,,,,,,,,,,,,,,,,,,,,,,,,,,,,,,,,,,,,,,,,,,,,,,,,,,,,,,,,,,,,,,,,,,,,,,,,,,,,,,,,,,,,,,,,,,,,,,,,,,,,,,,,,,,,,,,,,,,,,,,,,,,,,,,,,,,,,,,,,,,,
169.0,169.0,168.0,167.0,169.0,169.0,168.0,167.0,168.0,168.0,168.0,168.0,168.0,169.0,169.0,168.0,168.0,168.0,168.0,168.0,168.0,168.0,168.0,167.0,167.0,168.0,168.0,168.0,168.0,168.0,168.0,168.0,168.0,168.0,,,,,,,,,,,,,,,,,,,,,,,,,,,,,,,,,,,,,,,,,,,,,,,,,,,,,,,,,,,,,,,,,,,,,,,,,,,,,,,,,,,,,,,,,,,,,,,,,,,,,,,,,,,,,,,,,,,,,,,,,,,,,,,,,,,,,,,,,,,,,,,,,,,,,,,,,,,,,,,,,,,,,,,,,,,,,,,,,,,,,,,,,,,,,,,,,,,,,,,,,,,,,,,,,,,,,,,,,,,,,,,,,,,,,,,,,,,,,,,,,,,,,,,,,,,,,,,,,,,,,,,,,,
176.0,176.0,176.0,176.0,176.0,176.0,176.0,176.0,175.0,176.0,175.0,176.0,176.0,176.0,176.0,177.0,177.0,177.0,177.0,177.0,177.0,177.0,177.0,176.0,176.0,176.0,176.0,176.0,176.0,176.0,176.0,176.0,177.0,177.0,177.0,177.0,177.0,177.0,177.0,177.0,177.0,177.0,,,,,,,,,,,,,,,,,,,,,,,,,,,,,,,,,,,,,,,,,,,,,,,,,,,,,,,,,,,,,,,,,,,,,,,,,,,,,,,,,,,,,,,,,,,,,,,,,,,,,,,,,,,,,,,,,,,,,,,,,,,,,,,,,,,,,,,,,,,,,,,,,,,,,,,,,,,,,,,,,,,,,,,,,,,,,,,,,,,,,,,,,,,,,,,,,,,,,,,,,,,,,,,,,,,,,,,,,,,,,,,,,,,,,,,,,,,,,,,,,,,,,,,,,,,,,,,,,,
174.0,174.0,175.0,175.0,175.0,175.0,176.0,176.0,176.0,176.0,176.0,177.0,178.0,179.0,179.0,179.0,179.0,179.0,179.0,179.0,179.0,179.0,179.0,179.0,179.0,179.0,179.0,179.0,179.0,179.0,179.0,179.0,179.0,179.0,179.0,179.0,179.0,179.0,179.0,179.0,179.0,,,,,,,,,,,,,,,,,,,,,,,,,,,,,,,,,,,,,,,,,,,,,,,,,,,,,,,,,,,,,,,,,,,,,,,,,,,,,,,,,,,,,,,,,,,,,,,,,,,,,,,,,,,,,,,,,,,,,,,,,,,,,,,,,,,,,,,,,,,,,,,,,,,,,,,,,,,,,,,,,,,,,,,,,,,,,,,,,,,,,,,,,,,,,,,,,,,,,,,,,,,,,,,,,,,,,,,,,,,,,,,,,,,,,,,,,,,,,,,,,,,,,,,,,,,,,,,,,,,
170.0,170.0,171.0,171.0,171.0,170.0,169.0,169.0,168.0,170.0,171.0,170.0,170.0,170.0,171.0,172.0,172.0,172.0,173.0,174.0,173.0,173.0,173.0,174.0,174.0,174.0,173.0,173.0,173.0,173.0,173.0,172.0,172.0,172.0,,,,,,,,,,,,,,,,,,,,,,,,,,,,,,,,,,,,,,,,,,,,,,,,,,,,,,,,,,,,,,,,,,,,,,,,,,,,,,,,,,,,,,,,,,,,,,,,,,,,,,,,,,,,,,,,,,,,,,,,,,,,,,,,,,,,,,,,,,,,,,,,,,,,,,,,,,,,,,,,,,,,,,,,,,,,,,,,,,,,,,,,,,,,,,,,,,,,,,,,,,,,,,,,,,,,,,,,,,,,,,,,,,,,,,,,,,,,,,,,,,,,,,,,,,,,,,,,,,,,,,,,,,
177.0,177.0,177.0,178.0,179.0,179.0,179.0,179.0,179.0,178.0,178.0,177.0,177.0,178.0,178.0,178.0,178.0,178.0,179.0,179.0,179.0,179.0,179.0,179.0,179.0,179.0,180.0,180.0,180.0,180.0,180.0,180.0,180.0,180.0,180.0,,,,,,,,,,,,,,,,,,,,,,,,,,,,,,,,,,,,,,,,,,,,,,,,,,,,,,,,,,,,,,,,,,,,,,,,,,,,,,,,,,,,,,,,,,,,,,,,,,,,,,,,,,,,,,,,,,,,,,,,,,,,,,,,,,,,,,,,,,,,,,,,,,,,,,,,,,,,,,,,,,,,,,,,,,,,,,,,,,,,,,,,,,,,,,,,,,,,,,,,,,,,,,,,,,,,,,,,,,,,,,,,,,,,,,,,,,,,,,,,,,,,,,,,,,,,,,,,,,,,,,,,,
175.0,175.0,175.0,176.0,176.0,176.0,176.0,176.0,176.0,176.0,176.0,176.0,176.0,177.0,177.0,177.0,177.0,177.0,177.0,178.0,178.0,178.0,178.0,177.0,177.0,177.0,178.0,178.0,178.0,178.0,178.0,178.0,178.0,178.0,178.0,178.0,178.0,179.0,179.0,179.0,,,,,,,,,,,,,,,,,,,,,,,,,,,,,,,,,,,,,,,,,,,,,,,,,,,,,,,,,,,,,,,,,,,,,,,,,,,,,,,,,,,,,,,,,,,,,,,,,,,,,,,,,,,,,,,,,,,,,,,,,,,,,,,,,,,,,,,,,,,,,,,,,,,,,,,,,,,,,,,,,,,,,,,,,,,,,,,,,,,,,,,,,,,,,,,,,,,,,,,,,,,,,,,,,,,,,,,,,,,,,,,,,,,,,,,,,,,,,,,,,,,,,,,,,,,,,,,,,,,,
179.0,179.0,179.0,179.0,179.0,179.0,179.0,179.0,179.0,180.0,180.0,180.0,180.0,180.0,180.0,180.0,180.0,180.0,180.0,180.0,180.0,180.0,180.0,180.0,180.0,180.0,180.0,180.0,180.0,180.0,180.0,180.0,180.0,180.0,180.0,180.0,180.0,180.0,,,,,,,,,,,,,,,,,,,,,,,,,,,,,,,,,,,,,,,,,,,,,,,,,,,,,,,,,,,,,,,,,,,,,,,,,,,,,,,,,,,,,,,,,,,,,,,,,,,,,,,,,,,,,,,,,,,,,,,,,,,,,,,,,,,,,,,,,,,,,,,,,,,,,,,,,,,,,,,,,,,,,,,,,,,,,,,,,,,,,,,,,,,,,,,,,,,,,,,,,,,,,,,,,,,,,,,,,,,,,,,,,,,,,,,,,,,,,,,,,,,,,,,,,,,,,,,,,,,,,,
178.0,178.0,178.0,179.0,179.0,180.0,180.0,180.0,180.0,180.0,180.0,180.0,180.0,180.0,180.0,180.0,180.0,180.0,180.0,180.0,180.0,180.0,180.0,180.0,180.0,180.0,180.0,180.0,180.0,180.0,180.0,180.0,180.0,180.0,180.0,180.0,180.0,,,,,,,,,,,,,,,,,,,,,,,,,,,,,,,,,,,,,,,,,,,,,,,,,,,,,,,,,,,,,,,,,,,,,,,,,,,,,,,,,,,,,,,,,,,,,,,,,,,,,,,,,,,,,,,,,,,,,,,,,,,,,,,,,,,,,,,,,,,,,,,,,,,,,,,,,,,,,,,,,,,,,,,,,,,,,,,,,,,,,,,,,,,,,,,,,,,,,,,,,,,,,,,,,,,,,,,,,,,,,,,,,,,,,,,,,,,,,,,,,,,,,,,,,,,,,,,,,,,,,,,
180.0,180.0,180.0,180.0,180.0,180.0,180.0,180.0,180.0,180.0,180.0,180.0,180.0,180.0,180.0,180.0,180.0,180.0,180.0,180.0,180.0,180.0,180.0,180.0,180.0,180.0,180.0,180.0,180.0,180.0,180.0,,,,,,,,,,,,,,,,,,,,,,,,,,,,,,,,,,,,,,,,,,,,,,,,,,,,,,,,,,,,,,,,,,,,,,,,,,,,,,,,,,,,,,,,,,,,,,,,,,,,,,,,,,,,,,,,,,,,,,,,,,,,,,,,,,,,,,,,,,,,,,,,,,,,,,,,,,,,,,,,,,,,,,,,,,,,,,,,,,,,,,,,,,,,,,,,,,,,,,,,,,,,,,,,,,,,,,,,,,,,,,,,,,,,,,,,,,,,,,,,,,,,,,,,,,,,,,,,,,,,,,,,,,,,,
166.0,166.0,167.0,168.0,169.0,168.0,167.0,165.0,165.0,165.0,165.0,167.0,167.0,166.0,166.0,166.0,166.0,166.0,165.0,165.0,166.0,166.0,166.0,166.0,167.0,167.0,168.0,168.0,168.0,168.0,168.0,168.0,168.0,168.0,168.0,168.0,168.0,169.0,169.0,169.0,169.0,169.0,169.0,169.0,170.0,170.0,169.0,169.0,169.0,169.0,,,,,,,,,,,,,,,,,,,,,,,,,,,,,,,,,,,,,,,,,,,,,,,,,,,,,,,,,,,,,,,,,,,,,,,,,,,,,,,,,,,,,,,,,,,,,,,,,,,,,,,,,,,,,,,,,,,,,,,,,,,,,,,,,,,,,,,,,,,,,,,,,,,,,,,,,,,,,,,,,,,,,,,,,,,,,,,,,,,,,,,,,,,,,,,,,,,,,,,,,,,,,,,,,,,,,,,,,,,,,,,,,,,,,,,,,,,,,,,,,,,,,,,,,,
180.0,180.0,180.0,180.0,180.0,180.0,180.0,180.0,180.0,180.0,180.0,180.0,180.0,180.0,180.0,179.0,179.0,180.0,180.0,180.0,180.0,180.0,180.0,180.0,180.0,180.0,180.0,180.0,180.0,180.0,180.0,180.0,180.0,180.0,180.0,180.0,180.0,180.0,,,,,,,,,,,,,,,,,,,,,,,,,,,,,,,,,,,,,,,,,,,,,,,,,,,,,,,,,,,,,,,,,,,,,,,,,,,,,,,,,,,,,,,,,,,,,,,,,,,,,,,,,,,,,,,,,,,,,,,,,,,,,,,,,,,,,,,,,,,,,,,,,,,,,,,,,,,,,,,,,,,,,,,,,,,,,,,,,,,,,,,,,,,,,,,,,,,,,,,,,,,,,,,,,,,,,,,,,,,,,,,,,,,,,,,,,,,,,,,,,,,,,,,,,,,,,,,,,,,,,,
168.0,168.0,168.0,169.0,168.0,168.0,167.0,167.0,167.0,167.0,166.0,166.0,166.0,166.0,165.0,165.0,165.0,165.0,164.0,164.0,164.0,164.0,164.0,164.0,164.0,163.0,163.0,162.0,162.0,162.0,162.0,162.0,163.0,163.0,163.0,163.0,163.0,163.0,164.0,164.0,,,,,,,,,,,,,,,,,,,,,,,,,,,,,,,,,,,,,,,,,,,,,,,,,,,,,,,,,,,,,,,,,,,,,,,,,,,,,,,,,,,,,,,,,,,,,,,,,,,,,,,,,,,,,,,,,,,,,,,,,,,,,,,,,,,,,,,,,,,,,,,,,,,,,,,,,,,,,,,,,,,,,,,,,,,,,,,,,,,,,,,,,,,,,,,,,,,,,,,,,,,,,,,,,,,,,,,,,,,,,,,,,,,,,,,,,,,,,,,,,,,,,,,,,,,,,,,,,,,,
172.0,175.0,175.0,175.0,175.0,175.0,176.0,176.0,175.0,175.0,175.0,175.0,175.0,174.0,174.0,175.0,175.0,175.0,175.0,175.0,175.0,175.0,175.0,175.0,175.0,175.0,175.0,175.0,175.0,175.0,175.0,175.0,175.0,175.0,175.0,175.0,175.0,,,,,,,,,,,,,,,,,,,,,,,,,,,,,,,,,,,,,,,,,,,,,,,,,,,,,,,,,,,,,,,,,,,,,,,,,,,,,,,,,,,,,,,,,,,,,,,,,,,,,,,,,,,,,,,,,,,,,,,,,,,,,,,,,,,,,,,,,,,,,,,,,,,,,,,,,,,,,,,,,,,,,,,,,,,,,,,,,,,,,,,,,,,,,,,,,,,,,,,,,,,,,,,,,,,,,,,,,,,,,,,,,,,,,,,,,,,,,,,,,,,,,,,,,,,,,,,,,,,,,,,
179.0,179.0,180.0,180.0,180.0,180.0,180.0,180.0,180.0,180.0,180.0,180.0,180.0,180.0,180.0,180.0,180.0,180.0,180.0,180.0,180.0,180.0,180.0,180.0,180.0,180.0,180.0,180.0,180.0,180.0,180.0,180.0,180.0,180.0,180.0,180.0,,,,,,,,,,,,,,,,,,,,,,,,,,,,,,,,,,,,,,,,,,,,,,,,,,,,,,,,,,,,,,,,,,,,,,,,,,,,,,,,,,,,,,,,,,,,,,,,,,,,,,,,,,,,,,,,,,,,,,,,,,,,,,,,,,,,,,,,,,,,,,,,,,,,,,,,,,,,,,,,,,,,,,,,,,,,,,,,,,,,,,,,,,,,,,,,,,,,,,,,,,,,,,,,,,,,,,,,,,,,,,,,,,,,,,,,,,,,,,,,,,,,,,,,,,,,,,,,,,,,,,,,
177.0,177.0,177.0,177.0,177.0,178.0,179.0,179.0,177.0,177.0,177.0,177.0,176.0,176.0,176.0,176.0,176.0,176.0,175.0,176.0,176.0,178.0,178.0,178.0,178.0,178.0,178.0,177.0,178.0,178.0,178.0,178.0,178.0,177.0,177.0,177.0,176.0,176.0,177.0,177.0,176.0,175.0,175.0,174.0,,,,,,,,,,,,,,,,,,,,,,,,,,,,,,,,,,,,,,,,,,,,,,,,,,,,,,,,,,,,,,,,,,,,,,,,,,,,,,,,,,,,,,,,,,,,,,,,,,,,,,,,,,,,,,,,,,,,,,,,,,,,,,,,,,,,,,,,,,,,,,,,,,,,,,,,,,,,,,,,,,,,,,,,,,,,,,,,,,,,,,,,,,,,,,,,,,,,,,,,,,,,,,,,,,,,,,,,,,,,,,,,,,,,,,,,,,,,,,,,,,,,,,,,,,,,,,,,
177.0,177.0,177.0,177.0,177.0,177.0,177.0,177.0,177.0,177.0,176.0,176.0,176.0,177.0,177.0,177.0,178.0,178.0,178.0,177.0,177.0,177.0,177.0,177.0,177.0,177.0,177.0,178.0,178.0,178.0,178.0,178.0,178.0,178.0,178.0,178.0,178.0,178.0,178.0,178.0,178.0,178.0,,,,,,,,,,,,,,,,,,,,,,,,,,,,,,,,,,,,,,,,,,,,,,,,,,,,,,,,,,,,,,,,,,,,,,,,,,,,,,,,,,,,,,,,,,,,,,,,,,,,,,,,,,,,,,,,,,,,,,,,,,,,,,,,,,,,,,,,,,,,,,,,,,,,,,,,,,,,,,,,,,,,,,,,,,,,,,,,,,,,,,,,,,,,,,,,,,,,,,,,,,,,,,,,,,,,,,,,,,,,,,,,,,,,,,,,,,,,,,,,,,,,,,,,,,,,,,,,,,
180.0,180.0,180.0,180.0,180.0,180.0,180.0,179.0,179.0,178.0,178.0,178.0,178.0,178.0,178.0,178.0,178.0,178.0,178.0,178.0,178.0,178.0,178.0,178.0,178.0,178.0,178.0,178.0,178.0,178.0,178.0,178.0,178.0,178.0,178.0,178.0,178.0,178.0,178.0,,,,,,,,,,,,,,,,,,,,,,,,,,,,,,,,,,,,,,,,,,,,,,,,,,,,,,,,,,,,,,,,,,,,,,,,,,,,,,,,,,,,,,,,,,,,,,,,,,,,,,,,,,,,,,,,,,,,,,,,,,,,,,,,,,,,,,,,,,,,,,,,,,,,,,,,,,,,,,,,,,,,,,,,,,,,,,,,,,,,,,,,,,,,,,,,,,,,,,,,,,,,,,,,,,,,,,,,,,,,,,,,,,,,,,,,,,,,,,,,,,,,,,,,,,,,,,,,,,,,,
175.0,175.0,176.0,176.0,176.0,176.0,176.0,176.0,176.0,176.0,176.0,176.0,176.0,176.0,176.0,176.0,176.0,176.0,176.0,176.0,176.0,176.0,176.0,176.0,176.0,176.0,176.0,176.0,176.0,175.0,175.0,175.0,175.0,175.0,175.0,175.0,175.0,175.0,175.0,175.0,175.0,175.0,175.0,,,,,,,,,,,,,,,,,,,,,,,,,,,,,,,,,,,,,,,,,,,,,,,,,,,,,,,,,,,,,,,,,,,,,,,,,,,,,,,,,,,,,,,,,,,,,,,,,,,,,,,,,,,,,,,,,,,,,,,,,,,,,,,,,,,,,,,,,,,,,,,,,,,,,,,,,,,,,,,,,,,,,,,,,,,,,,,,,,,,,,,,,,,,,,,,,,,,,,,,,,,,,,,,,,,,,,,,,,,,,,,,,,,,,,,,,,,,,,,,,,,,,,,,,,,,,,,,,
173.0,173.0,172.0,172.0,173.0,174.0,175.0,175.0,175.0,175.0,175.0,175.0,175.0,175.0,175.0,175.0,175.0,175.0,175.0,175.0,176.0,176.0,176.0,176.0,176.0,176.0,176.0,176.0,176.0,176.0,176.0,176.0,,,,,,,,,,,,,,,,,,,,,,,,,,,,,,,,,,,,,,,,,,,,,,,,,,,,,,,,,,,,,,,,,,,,,,,,,,,,,,,,,,,,,,,,,,,,,,,,,,,,,,,,,,,,,,,,,,,,,,,,,,,,,,,,,,,,,,,,,,,,,,,,,,,,,,,,,,,,,,,,,,,,,,,,,,,,,,,,,,,,,,,,,,,,,,,,,,,,,,,,,,,,,,,,,,,,,,,,,,,,,,,,,,,,,,,,,,,,,,,,,,,,,,,,,,,,,,,,,,,,,,,,,,,,
178.0,178.0,178.0,178.0,178.0,180.0,180.0,180.0,180.0,180.0,180.0,180.0,180.0,180.0,180.0,180.0,180.0,180.0,180.0,180.0,180.0,180.0,180.0,180.0,180.0,180.0,180.0,180.0,180.0,180.0,180.0,180.0,,,,,,,,,,,,,,,,,,,,,,,,,,,,,,,,,,,,,,,,,,,,,,,,,,,,,,,,,,,,,,,,,,,,,,,,,,,,,,,,,,,,,,,,,,,,,,,,,,,,,,,,,,,,,,,,,,,,,,,,,,,,,,,,,,,,,,,,,,,,,,,,,,,,,,,,,,,,,,,,,,,,,,,,,,,,,,,,,,,,,,,,,,,,,,,,,,,,,,,,,,,,,,,,,,,,,,,,,,,,,,,,,,,,,,,,,,,,,,,,,,,,,,,,,,,,,,,,,,,,,,,,,,,,
180.0,180.0,180.0,180.0,180.0,180.0,180.0,180.0,180.0,180.0,180.0,180.0,180.0,180.0,180.0,180.0,180.0,180.0,180.0,180.0,180.0,180.0,180.0,180.0,180.0,180.0,180.0,180.0,180.0,180.0,180.0,180.0,180.0,180.0,180.0,180.0,,,,,,,,,,,,,,,,,,,,,,,,,,,,,,,,,,,,,,,,,,,,,,,,,,,,,,,,,,,,,,,,,,,,,,,,,,,,,,,,,,,,,,,,,,,,,,,,,,,,,,,,,,,,,,,,,,,,,,,,,,,,,,,,,,,,,,,,,,,,,,,,,,,,,,,,,,,,,,,,,,,,,,,,,,,,,,,,,,,,,,,,,,,,,,,,,,,,,,,,,,,,,,,,,,,,,,,,,,,,,,,,,,,,,,,,,,,,,,,,,,,,,,,,,,,,,,,,,,,,,,,,
179.0,179.0,179.0,179.0,180.0,180.0,180.0,180.0,180.0,180.0,180.0,180.0,180.0,180.0,180.0,180.0,180.0,180.0,180.0,180.0,180.0,180.0,180.0,180.0,180.0,180.0,180.0,180.0,180.0,180.0,180.0,180.0,180.0,180.0,180.0,180.0,180.0,180.0,,,,,,,,,,,,,,,,,,,,,,,,,,,,,,,,,,,,,,,,,,,,,,,,,,,,,,,,,,,,,,,,,,,,,,,,,,,,,,,,,,,,,,,,,,,,,,,,,,,,,,,,,,,,,,,,,,,,,,,,,,,,,,,,,,,,,,,,,,,,,,,,,,,,,,,,,,,,,,,,,,,,,,,,,,,,,,,,,,,,,,,,,,,,,,,,,,,,,,,,,,,,,,,,,,,,,,,,,,,,,,,,,,,,,,,,,,,,,,,,,,,,,,,,,,,,,,,,,,,,,,
177.0,177.0,177.0,177.0,177.0,177.0,177.0,177.0,177.0,177.0,177.0,177.0,177.0,177.0,177.0,177.0,177.0,177.0,177.0,177.0,177.0,177.0,177.0,177.0,177.0,177.0,177.0,177.0,177.0,,,,,,,,,,,,,,,,,,,,,,,,,,,,,,,,,,,,,,,,,,,,,,,,,,,,,,,,,,,,,,,,,,,,,,,,,,,,,,,,,,,,,,,,,,,,,,,,,,,,,,,,,,,,,,,,,,,,,,,,,,,,,,,,,,,,,,,,,,,,,,,,,,,,,,,,,,,,,,,,,,,,,,,,,,,,,,,,,,,,,,,,,,,,,,,,,,,,,,,,,,,,,,,,,,,,,,,,,,,,,,,,,,,,,,,,,,,,,,,,,,,,,,,,,,,,,,,,,,,,,,,,,,,,,,,
166.0,166.0,166.0,166.0,166.0,165.0,165.0,164.0,164.0,163.0,163.0,163.0,163.0,163.0,162.0,162.0,162.0,162.0,162.0,162.0,162.0,161.0,160.0,160.0,161.0,161.0,161.0,161.0,161.0,161.0,161.0,161.0,161.0,161.0,161.0,161.0,161.0,161.0,161.0,,,,,,,,,,,,,,,,,,,,,,,,,,,,,,,,,,,,,,,,,,,,,,,,,,,,,,,,,,,,,,,,,,,,,,,,,,,,,,,,,,,,,,,,,,,,,,,,,,,,,,,,,,,,,,,,,,,,,,,,,,,,,,,,,,,,,,,,,,,,,,,,,,,,,,,,,,,,,,,,,,,,,,,,,,,,,,,,,,,,,,,,,,,,,,,,,,,,,,,,,,,,,,,,,,,,,,,,,,,,,,,,,,,,,,,,,,,,,,,,,,,,,,,,,,,,,,,,,,,,,
168.0,169.0,169.0,169.0,169.0,170.0,170.0,170.0,170.0,171.0,171.0,170.0,171.0,171.0,171.0,172.0,172.0,173.0,173.0,173.0,173.0,173.0,174.0,174.0,174.0,174.0,174.0,174.0,174.0,174.0,174.0,174.0,174.0,174.0,174.0,,,,,,,,,,,,,,,,,,,,,,,,,,,,,,,,,,,,,,,,,,,,,,,,,,,,,,,,,,,,,,,,,,,,,,,,,,,,,,,,,,,,,,,,,,,,,,,,,,,,,,,,,,,,,,,,,,,,,,,,,,,,,,,,,,,,,,,,,,,,,,,,,,,,,,,,,,,,,,,,,,,,,,,,,,,,,,,,,,,,,,,,,,,,,,,,,,,,,,,,,,,,,,,,,,,,,,,,,,,,,,,,,,,,,,,,,,,,,,,,,,,,,,,,,,,,,,,,,,,,,,,,,
178.0,177.0,177.0,177.0,177.0,177.0,177.0,177.0,176.0,176.0,176.0,176.0,176.0,176.0,175.0,175.0,175.0,175.0,175.0,175.0,174.0,174.0,174.0,173.0,173.0,173.0,173.0,172.0,171.0,171.0,171.0,171.0,171.0,171.0,171.0,169.0,,,,,,,,,,,,,,,,,,,,,,,,,,,,,,,,,,,,,,,,,,,,,,,,,,,,,,,,,,,,,,,,,,,,,,,,,,,,,,,,,,,,,,,,,,,,,,,,,,,,,,,,,,,,,,,,,,,,,,,,,,,,,,,,,,,,,,,,,,,,,,,,,,,,,,,,,,,,,,,,,,,,,,,,,,,,,,,,,,,,,,,,,,,,,,,,,,,,,,,,,,,,,,,,,,,,,,,,,,,,,,,,,,,,,,,,,,,,,,,,,,,,,,,,,,,,,,,,,,,,,,,,
175.0,175.0,175.0,175.0,175.0,175.0,175.0,175.0,175.0,175.0,174.0,174.0,174.0,174.0,174.0,174.0,174.0,174.0,174.0,174.0,174.0,174.0,174.0,174.0,174.0,174.0,174.0,174.0,174.0,174.0,174.0,174.0,174.0,174.0,174.0,173.0,173.0,,,,,,,,,,,,,,,,,,,,,,,,,,,,,,,,,,,,,,,,,,,,,,,,,,,,,,,,,,,,,,,,,,,,,,,,,,,,,,,,,,,,,,,,,,,,,,,,,,,,,,,,,,,,,,,,,,,,,,,,,,,,,,,,,,,,,,,,,,,,,,,,,,,,,,,,,,,,,,,,,,,,,,,,,,,,,,,,,,,,,,,,,,,,,,,,,,,,,,,,,,,,,,,,,,,,,,,,,,,,,,,,,,,,,,,,,,,,,,,,,,,,,,,,,,,,,,,,,,,,,,,
178.0,178.0,178.0,178.0,178.0,178.0,177.0,177.0,177.0,177.0,177.0,177.0,176.0,176.0,176.0,175.0,175.0,175.0,175.0,174.0,174.0,174.0,174.0,174.0,174.0,174.0,174.0,174.0,174.0,173.0,173.0,173.0,173.0,173.0,173.0,173.0,173.0,173.0,,,,,,,,,,,,,,,,,,,,,,,,,,,,,,,,,,,,,,,,,,,,,,,,,,,,,,,,,,,,,,,,,,,,,,,,,,,,,,,,,,,,,,,,,,,,,,,,,,,,,,,,,,,,,,,,,,,,,,,,,,,,,,,,,,,,,,,,,,,,,,,,,,,,,,,,,,,,,,,,,,,,,,,,,,,,,,,,,,,,,,,,,,,,,,,,,,,,,,,,,,,,,,,,,,,,,,,,,,,,,,,,,,,,,,,,,,,,,,,,,,,,,,,,,,,,,,,,,,,,,,
180.0,180.0,180.0,180.0,180.0,180.0,180.0,180.0,180.0,180.0,180.0,180.0,180.0,180.0,180.0,180.0,180.0,180.0,180.0,180.0,180.0,180.0,180.0,180.0,180.0,180.0,180.0,180.0,180.0,180.0,180.0,180.0,180.0,180.0,180.0,180.0,180.0,,,,,,,,,,,,,,,,,,,,,,,,,,,,,,,,,,,,,,,,,,,,,,,,,,,,,,,,,,,,,,,,,,,,,,,,,,,,,,,,,,,,,,,,,,,,,,,,,,,,,,,,,,,,,,,,,,,,,,,,,,,,,,,,,,,,,,,,,,,,,,,,,,,,,,,,,,,,,,,,,,,,,,,,,,,,,,,,,,,,,,,,,,,,,,,,,,,,,,,,,,,,,,,,,,,,,,,,,,,,,,,,,,,,,,,,,,,,,,,,,,,,,,,,,,,,,,,,,,,,,,,
180.0,180.0,180.0,180.0,180.0,180.0,180.0,180.0,180.0,180.0,180.0,180.0,180.0,180.0,180.0,180.0,180.0,180.0,180.0,180.0,180.0,180.0,180.0,180.0,180.0,180.0,180.0,180.0,180.0,180.0,180.0,180.0,180.0,180.0,180.0,180.0,180.0,180.0,180.0,180.0,180.0,180.0,180.0,,,,,,,,,,,,,,,,,,,,,,,,,,,,,,,,,,,,,,,,,,,,,,,,,,,,,,,,,,,,,,,,,,,,,,,,,,,,,,,,,,,,,,,,,,,,,,,,,,,,,,,,,,,,,,,,,,,,,,,,,,,,,,,,,,,,,,,,,,,,,,,,,,,,,,,,,,,,,,,,,,,,,,,,,,,,,,,,,,,,,,,,,,,,,,,,,,,,,,,,,,,,,,,,,,,,,,,,,,,,,,,,,,,,,,,,,,,,,,,,,,,,,,,,,,,,,,,,,
171.0,171.0,172.0,172.0,173.0,172.0,172.0,172.0,172.0,171.0,171.0,169.0,168.0,168.0,169.0,168.0,168.0,167.0,167.0,168.0,168.0,167.0,166.0,166.0,167.0,167.0,167.0,166.0,166.0,166.0,167.0,167.0,166.0,166.0,,,,,,,,,,,,,,,,,,,,,,,,,,,,,,,,,,,,,,,,,,,,,,,,,,,,,,,,,,,,,,,,,,,,,,,,,,,,,,,,,,,,,,,,,,,,,,,,,,,,,,,,,,,,,,,,,,,,,,,,,,,,,,,,,,,,,,,,,,,,,,,,,,,,,,,,,,,,,,,,,,,,,,,,,,,,,,,,,,,,,,,,,,,,,,,,,,,,,,,,,,,,,,,,,,,,,,,,,,,,,,,,,,,,,,,,,,,,,,,,,,,,,,,,,,,,,,,,,,,,,,,,,,
177.0,177.0,177.0,177.0,177.0,177.0,177.0,177.0,177.0,178.0,178.0,178.0,178.0,178.0,178.0,178.0,178.0,178.0,178.0,178.0,178.0,178.0,178.0,178.0,178.0,178.0,178.0,178.0,178.0,178.0,178.0,178.0,178.0,178.0,,,,,,,,,,,,,,,,,,,,,,,,,,,,,,,,,,,,,,,,,,,,,,,,,,,,,,,,,,,,,,,,,,,,,,,,,,,,,,,,,,,,,,,,,,,,,,,,,,,,,,,,,,,,,,,,,,,,,,,,,,,,,,,,,,,,,,,,,,,,,,,,,,,,,,,,,,,,,,,,,,,,,,,,,,,,,,,,,,,,,,,,,,,,,,,,,,,,,,,,,,,,,,,,,,,,,,,,,,,,,,,,,,,,,,,,,,,,,,,,,,,,,,,,,,,,,,,,,,,,,,,,,,
172.0,172.0,171.0,172.0,172.0,172.0,172.0,172.0,172.0,172.0,172.0,172.0,174.0,174.0,174.0,174.0,174.0,174.0,174.0,174.0,174.0,174.0,175.0,175.0,175.0,175.0,175.0,175.0,175.0,175.0,175.0,175.0,175.0,175.0,175.0,175.0,175.0,175.0,,,,,,,,,,,,,,,,,,,,,,,,,,,,,,,,,,,,,,,,,,,,,,,,,,,,,,,,,,,,,,,,,,,,,,,,,,,,,,,,,,,,,,,,,,,,,,,,,,,,,,,,,,,,,,,,,,,,,,,,,,,,,,,,,,,,,,,,,,,,,,,,,,,,,,,,,,,,,,,,,,,,,,,,,,,,,,,,,,,,,,,,,,,,,,,,,,,,,,,,,,,,,,,,,,,,,,,,,,,,,,,,,,,,,,,,,,,,,,,,,,,,,,,,,,,,,,,,,,,,,,
178.0,178.0,178.0,178.0,178.0,178.0,178.0,178.0,178.0,178.0,179.0,179.0,179.0,178.0,178.0,178.0,178.0,178.0,178.0,178.0,178.0,179.0,179.0,179.0,179.0,179.0,179.0,179.0,179.0,179.0,179.0,179.0,179.0,179.0,179.0,179.0,179.0,179.0,179.0,,,,,,,,,,,,,,,,,,,,,,,,,,,,,,,,,,,,,,,,,,,,,,,,,,,,,,,,,,,,,,,,,,,,,,,,,,,,,,,,,,,,,,,,,,,,,,,,,,,,,,,,,,,,,,,,,,,,,,,,,,,,,,,,,,,,,,,,,,,,,,,,,,,,,,,,,,,,,,,,,,,,,,,,,,,,,,,,,,,,,,,,,,,,,,,,,,,,,,,,,,,,,,,,,,,,,,,,,,,,,,,,,,,,,,,,,,,,,,,,,,,,,,,,,,,,,,,,,,,,,
169.0,169.0,170.0,170.0,170.0,171.0,171.0,171.0,171.0,171.0,171.0,172.0,173.0,173.0,174.0,175.0,175.0,177.0,177.0,177.0,177.0,177.0,177.0,177.0,179.0,179.0,180.0,180.0,180.0,180.0,180.0,180.0,180.0,,,,,,,,,,,,,,,,,,,,,,,,,,,,,,,,,,,,,,,,,,,,,,,,,,,,,,,,,,,,,,,,,,,,,,,,,,,,,,,,,,,,,,,,,,,,,,,,,,,,,,,,,,,,,,,,,,,,,,,,,,,,,,,,,,,,,,,,,,,,,,,,,,,,,,,,,,,,,,,,,,,,,,,,,,,,,,,,,,,,,,,,,,,,,,,,,,,,,,,,,,,,,,,,,,,,,,,,,,,,,,,,,,,,,,,,,,,,,,,,,,,,,,,,,,,,,,,,,,,,,,,,,,,
180.0,179.0,179.0,179.0,179.0,178.0,178.0,178.0,178.0,178.0,178.0,178.0,178.0,178.0,178.0,178.0,179.0,179.0,179.0,179.0,179.0,179.0,179.0,179.0,179.0,179.0,179.0,179.0,179.0,179.0,179.0,179.0,179.0,179.0,179.0,179.0,179.0,179.0,179.0,,,,,,,,,,,,,,,,,,,,,,,,,,,,,,,,,,,,,,,,,,,,,,,,,,,,,,,,,,,,,,,,,,,,,,,,,,,,,,,,,,,,,,,,,,,,,,,,,,,,,,,,,,,,,,,,,,,,,,,,,,,,,,,,,,,,,,,,,,,,,,,,,,,,,,,,,,,,,,,,,,,,,,,,,,,,,,,,,,,,,,,,,,,,,,,,,,,,,,,,,,,,,,,,,,,,,,,,,,,,,,,,,,,,,,,,,,,,,,,,,,,,,,,,,,,,,,,,,,,,,
180.0,180.0,180.0,180.0,180.0,180.0,180.0,180.0,180.0,180.0,180.0,180.0,180.0,180.0,180.0,180.0,180.0,180.0,180.0,180.0,180.0,180.0,180.0,179.0,179.0,180.0,180.0,180.0,180.0,180.0,180.0,180.0,180.0,180.0,,,,,,,,,,,,,,,,,,,,,,,,,,,,,,,,,,,,,,,,,,,,,,,,,,,,,,,,,,,,,,,,,,,,,,,,,,,,,,,,,,,,,,,,,,,,,,,,,,,,,,,,,,,,,,,,,,,,,,,,,,,,,,,,,,,,,,,,,,,,,,,,,,,,,,,,,,,,,,,,,,,,,,,,,,,,,,,,,,,,,,,,,,,,,,,,,,,,,,,,,,,,,,,,,,,,,,,,,,,,,,,,,,,,,,,,,,,,,,,,,,,,,,,,,,,,,,,,,,,,,,,,,,
176.0,176.0,177.0,178.0,178.0,179.0,179.0,179.0,179.0,178.0,178.0,177.0,177.0,177.0,177.0,176.0,176.0,176.0,176.0,176.0,176.0,176.0,176.0,176.0,176.0,176.0,176.0,176.0,176.0,176.0,176.0,176.0,176.0,176.0,,,,,,,,,,,,,,,,,,,,,,,,,,,,,,,,,,,,,,,,,,,,,,,,,,,,,,,,,,,,,,,,,,,,,,,,,,,,,,,,,,,,,,,,,,,,,,,,,,,,,,,,,,,,,,,,,,,,,,,,,,,,,,,,,,,,,,,,,,,,,,,,,,,,,,,,,,,,,,,,,,,,,,,,,,,,,,,,,,,,,,,,,,,,,,,,,,,,,,,,,,,,,,,,,,,,,,,,,,,,,,,,,,,,,,,,,,,,,,,,,,,,,,,,,,,,,,,,,,,,,,,,,,
173.0,173.0,172.0,172.0,172.0,172.0,172.0,172.0,172.0,172.0,172.0,172.0,172.0,172.0,172.0,172.0,172.0,172.0,173.0,174.0,174.0,174.0,174.0,174.0,174.0,174.0,174.0,174.0,174.0,174.0,174.0,173.0,173.0,173.0,,,,,,,,,,,,,,,,,,,,,,,,,,,,,,,,,,,,,,,,,,,,,,,,,,,,,,,,,,,,,,,,,,,,,,,,,,,,,,,,,,,,,,,,,,,,,,,,,,,,,,,,,,,,,,,,,,,,,,,,,,,,,,,,,,,,,,,,,,,,,,,,,,,,,,,,,,,,,,,,,,,,,,,,,,,,,,,,,,,,,,,,,,,,,,,,,,,,,,,,,,,,,,,,,,,,,,,,,,,,,,,,,,,,,,,,,,,,,,,,,,,,,,,,,,,,,,,,,,,,,,,,,,
175.0,175.0,175.0,175.0,175.0,174.0,174.0,173.0,174.0,175.0,175.0,174.0,174.0,175.0,175.0,175.0,175.0,176.0,176.0,176.0,176.0,177.0,177.0,177.0,178.0,179.0,179.0,179.0,179.0,177.0,177.0,178.0,178.0,178.0,178.0,178.0,178.0,,,,,,,,,,,,,,,,,,,,,,,,,,,,,,,,,,,,,,,,,,,,,,,,,,,,,,,,,,,,,,,,,,,,,,,,,,,,,,,,,,,,,,,,,,,,,,,,,,,,,,,,,,,,,,,,,,,,,,,,,,,,,,,,,,,,,,,,,,,,,,,,,,,,,,,,,,,,,,,,,,,,,,,,,,,,,,,,,,,,,,,,,,,,,,,,,,,,,,,,,,,,,,,,,,,,,,,,,,,,,,,,,,,,,,,,,,,,,,,,,,,,,,,,,,,,,,,,,,,,,,,
180.0,180.0,180.0,180.0,180.0,180.0,180.0,180.0,180.0,180.0,179.0,179.0,179.0,179.0,179.0,179.0,179.0,179.0,179.0,179.0,179.0,179.0,179.0,179.0,179.0,179.0,179.0,179.0,179.0,179.0,179.0,179.0,179.0,179.0,179.0,179.0,179.0,179.0,179.0,179.0,179.0,179.0,179.0,179.0,179.0,179.0,179.0,,,,,,,,,,,,,,,,,,,,,,,,,,,,,,,,,,,,,,,,,,,,,,,,,,,,,,,,,,,,,,,,,,,,,,,,,,,,,,,,,,,,,,,,,,,,,,,,,,,,,,,,,,,,,,,,,,,,,,,,,,,,,,,,,,,,,,,,,,,,,,,,,,,,,,,,,,,,,,,,,,,,,,,,,,,,,,,,,,,,,,,,,,,,,,,,,,,,,,,,,,,,,,,,,,,,,,,,,,,,,,,,,,,,,,,,,,,,,,,,,,,,,,,,,,,,,
162.0,162.0,162.0,162.0,161.0,161.0,161.0,162.0,162.0,162.0,162.0,162.0,162.0,162.0,162.0,162.0,162.0,162.0,159.0,158.0,158.0,159.0,159.0,159.0,159.0,160.0,160.0,160.0,160.0,160.0,161.0,161.0,162.0,162.0,162.0,163.0,164.0,164.0,164.0,164.0,,,,,,,,,,,,,,,,,,,,,,,,,,,,,,,,,,,,,,,,,,,,,,,,,,,,,,,,,,,,,,,,,,,,,,,,,,,,,,,,,,,,,,,,,,,,,,,,,,,,,,,,,,,,,,,,,,,,,,,,,,,,,,,,,,,,,,,,,,,,,,,,,,,,,,,,,,,,,,,,,,,,,,,,,,,,,,,,,,,,,,,,,,,,,,,,,,,,,,,,,,,,,,,,,,,,,,,,,,,,,,,,,,,,,,,,,,,,,,,,,,,,,,,,,,,,,,,,,,,,
179.0,179.0,179.0,179.0,179.0,179.0,179.0,179.0,179.0,179.0,179.0,179.0,179.0,179.0,179.0,179.0,179.0,179.0,179.0,178.0,178.0,178.0,179.0,179.0,179.0,179.0,179.0,178.0,177.0,176.0,176.0,175.0,175.0,175.0,174.0,174.0,174.0,174.0,174.0,174.0,174.0,174.0,173.0,173.0,173.0,172.0,172.0,172.0,171.0,168.0,168.0,168.0,168.0,168.0,168.0,166.0,166.0,166.0,166.0,166.0,166.0,166.0,166.0,166.0,166.0,,,,,,,,,,,,,,,,,,,,,,,,,,,,,,,,,,,,,,,,,,,,,,,,,,,,,,,,,,,,,,,,,,,,,,,,,,,,,,,,,,,,,,,,,,,,,,,,,,,,,,,,,,,,,,,,,,,,,,,,,,,,,,,,,,,,,,,,,,,,,,,,,,,,,,,,,,,,,,,,,,,,,,,,,,,,,,,,,,,,,,,,,,,,,,,,,,,,,,,,,,,,,,,,,,,,,,,,,,,,,,,,,,,,,,,,,,,
179.0,180.0,180.0,180.0,180.0,180.0,180.0,180.0,180.0,180.0,180.0,180.0,180.0,180.0,180.0,180.0,180.0,180.0,180.0,180.0,180.0,180.0,180.0,180.0,180.0,180.0,180.0,180.0,179.0,179.0,179.0,179.0,179.0,179.0,179.0,179.0,179.0,179.0,,,,,,,,,,,,,,,,,,,,,,,,,,,,,,,,,,,,,,,,,,,,,,,,,,,,,,,,,,,,,,,,,,,,,,,,,,,,,,,,,,,,,,,,,,,,,,,,,,,,,,,,,,,,,,,,,,,,,,,,,,,,,,,,,,,,,,,,,,,,,,,,,,,,,,,,,,,,,,,,,,,,,,,,,,,,,,,,,,,,,,,,,,,,,,,,,,,,,,,,,,,,,,,,,,,,,,,,,,,,,,,,,,,,,,,,,,,,,,,,,,,,,,,,,,,,,,,,,,,,,,
179.0,179.0,179.0,179.0,179.0,178.0,178.0,178.0,178.0,178.0,178.0,178.0,178.0,178.0,178.0,178.0,178.0,178.0,178.0,177.0,177.0,177.0,177.0,177.0,177.0,177.0,177.0,177.0,177.0,177.0,,,,,,,,,,,,,,,,,,,,,,,,,,,,,,,,,,,,,,,,,,,,,,,,,,,,,,,,,,,,,,,,,,,,,,,,,,,,,,,,,,,,,,,,,,,,,,,,,,,,,,,,,,,,,,,,,,,,,,,,,,,,,,,,,,,,,,,,,,,,,,,,,,,,,,,,,,,,,,,,,,,,,,,,,,,,,,,,,,,,,,,,,,,,,,,,,,,,,,,,,,,,,,,,,,,,,,,,,,,,,,,,,,,,,,,,,,,,,,,,,,,,,,,,,,,,,,,,,,,,,,,,,,,,,,
169.0,169.0,170.0,170.0,170.0,171.0,170.0,170.0,170.0,170.0,170.0,169.0,169.0,169.0,168.0,168.0,167.0,167.0,167.0,167.0,167.0,166.0,166.0,166.0,166.0,166.0,166.0,166.0,166.0,166.0,166.0,166.0,166.0,166.0,166.0,165.0,165.0,165.0,,,,,,,,,,,,,,,,,,,,,,,,,,,,,,,,,,,,,,,,,,,,,,,,,,,,,,,,,,,,,,,,,,,,,,,,,,,,,,,,,,,,,,,,,,,,,,,,,,,,,,,,,,,,,,,,,,,,,,,,,,,,,,,,,,,,,,,,,,,,,,,,,,,,,,,,,,,,,,,,,,,,,,,,,,,,,,,,,,,,,,,,,,,,,,,,,,,,,,,,,,,,,,,,,,,,,,,,,,,,,,,,,,,,,,,,,,,,,,,,,,,,,,,,,,,,,,,,,,,,,,
180.0,180.0,180.0,180.0,180.0,180.0,180.0,180.0,179.0,179.0,179.0,179.0,179.0,179.0,179.0,179.0,179.0,179.0,179.0,179.0,179.0,179.0,179.0,179.0,179.0,178.0,178.0,178.0,178.0,179.0,179.0,179.0,179.0,178.0,178.0,178.0,178.0,,,,,,,,,,,,,,,,,,,,,,,,,,,,,,,,,,,,,,,,,,,,,,,,,,,,,,,,,,,,,,,,,,,,,,,,,,,,,,,,,,,,,,,,,,,,,,,,,,,,,,,,,,,,,,,,,,,,,,,,,,,,,,,,,,,,,,,,,,,,,,,,,,,,,,,,,,,,,,,,,,,,,,,,,,,,,,,,,,,,,,,,,,,,,,,,,,,,,,,,,,,,,,,,,,,,,,,,,,,,,,,,,,,,,,,,,,,,,,,,,,,,,,,,,,,,,,,,,,,,,,,
180.0,180.0,180.0,180.0,180.0,180.0,180.0,180.0,179.0,179.0,179.0,179.0,179.0,179.0,179.0,179.0,179.0,179.0,179.0,179.0,179.0,179.0,179.0,179.0,179.0,179.0,179.0,179.0,179.0,179.0,179.0,179.0,179.0,179.0,,,,,,,,,,,,,,,,,,,,,,,,,,,,,,,,,,,,,,,,,,,,,,,,,,,,,,,,,,,,,,,,,,,,,,,,,,,,,,,,,,,,,,,,,,,,,,,,,,,,,,,,,,,,,,,,,,,,,,,,,,,,,,,,,,,,,,,,,,,,,,,,,,,,,,,,,,,,,,,,,,,,,,,,,,,,,,,,,,,,,,,,,,,,,,,,,,,,,,,,,,,,,,,,,,,,,,,,,,,,,,,,,,,,,,,,,,,,,,,,,,,,,,,,,,,,,,,,,,,,,,,,,,
179.0,178.0,178.0,178.0,178.0,178.0,177.0,177.0,177.0,177.0,177.0,177.0,177.0,177.0,177.0,177.0,176.0,176.0,176.0,176.0,176.0,177.0,178.0,178.0,178.0,178.0,178.0,178.0,178.0,179.0,179.0,,,,,,,,,,,,,,,,,,,,,,,,,,,,,,,,,,,,,,,,,,,,,,,,,,,,,,,,,,,,,,,,,,,,,,,,,,,,,,,,,,,,,,,,,,,,,,,,,,,,,,,,,,,,,,,,,,,,,,,,,,,,,,,,,,,,,,,,,,,,,,,,,,,,,,,,,,,,,,,,,,,,,,,,,,,,,,,,,,,,,,,,,,,,,,,,,,,,,,,,,,,,,,,,,,,,,,,,,,,,,,,,,,,,,,,,,,,,,,,,,,,,,,,,,,,,,,,,,,,,,,,,,,,,,
179.0,178.0,178.0,178.0,177.0,177.0,177.0,177.0,177.0,177.0,176.0,176.0,176.0,176.0,176.0,176.0,176.0,176.0,176.0,176.0,176.0,175.0,174.0,174.0,174.0,173.0,172.0,171.0,171.0,171.0,171.0,171.0,171.0,170.0,,,,,,,,,,,,,,,,,,,,,,,,,,,,,,,,,,,,,,,,,,,,,,,,,,,,,,,,,,,,,,,,,,,,,,,,,,,,,,,,,,,,,,,,,,,,,,,,,,,,,,,,,,,,,,,,,,,,,,,,,,,,,,,,,,,,,,,,,,,,,,,,,,,,,,,,,,,,,,,,,,,,,,,,,,,,,,,,,,,,,,,,,,,,,,,,,,,,,,,,,,,,,,,,,,,,,,,,,,,,,,,,,,,,,,,,,,,,,,,,,,,,,,,,,,,,,,,,,,,,,,,,,,
180.0,180.0,180.0,180.0,180.0,180.0,180.0,180.0,180.0,180.0,180.0,180.0,180.0,180.0,180.0,180.0,180.0,180.0,180.0,180.0,180.0,180.0,179.0,179.0,179.0,179.0,179.0,179.0,179.0,179.0,179.0,179.0,179.0,179.0,179.0,,,,,,,,,,,,,,,,,,,,,,,,,,,,,,,,,,,,,,,,,,,,,,,,,,,,,,,,,,,,,,,,,,,,,,,,,,,,,,,,,,,,,,,,,,,,,,,,,,,,,,,,,,,,,,,,,,,,,,,,,,,,,,,,,,,,,,,,,,,,,,,,,,,,,,,,,,,,,,,,,,,,,,,,,,,,,,,,,,,,,,,,,,,,,,,,,,,,,,,,,,,,,,,,,,,,,,,,,,,,,,,,,,,,,,,,,,,,,,,,,,,,,,,,,,,,,,,,,,,,,,,,,
180.0,180.0,179.0,178.0,178.0,179.0,179.0,179.0,179.0,179.0,179.0,179.0,179.0,180.0,180.0,180.0,180.0,180.0,179.0,178.0,178.0,177.0,177.0,177.0,177.0,177.0,177.0,176.0,176.0,176.0,176.0,176.0,176.0,176.0,176.0,176.0,176.0,176.0,176.0,176.0,176.0,176.0,,,,,,,,,,,,,,,,,,,,,,,,,,,,,,,,,,,,,,,,,,,,,,,,,,,,,,,,,,,,,,,,,,,,,,,,,,,,,,,,,,,,,,,,,,,,,,,,,,,,,,,,,,,,,,,,,,,,,,,,,,,,,,,,,,,,,,,,,,,,,,,,,,,,,,,,,,,,,,,,,,,,,,,,,,,,,,,,,,,,,,,,,,,,,,,,,,,,,,,,,,,,,,,,,,,,,,,,,,,,,,,,,,,,,,,,,,,,,,,,,,,,,,,,,,,,,,,,,,
174.0,174.0,174.0,175.0,175.0,175.0,175.0,175.0,175.0,175.0,175.0,176.0,176.0,176.0,176.0,176.0,176.0,176.0,176.0,176.0,176.0,176.0,176.0,176.0,176.0,176.0,176.0,177.0,177.0,177.0,177.0,177.0,177.0,177.0,177.0,177.0,177.0,177.0,178.0,,,,,,,,,,,,,,,,,,,,,,,,,,,,,,,,,,,,,,,,,,,,,,,,,,,,,,,,,,,,,,,,,,,,,,,,,,,,,,,,,,,,,,,,,,,,,,,,,,,,,,,,,,,,,,,,,,,,,,,,,,,,,,,,,,,,,,,,,,,,,,,,,,,,,,,,,,,,,,,,,,,,,,,,,,,,,,,,,,,,,,,,,,,,,,,,,,,,,,,,,,,,,,,,,,,,,,,,,,,,,,,,,,,,,,,,,,,,,,,,,,,,,,,,,,,,,,,,,,,,,
179.0,179.0,179.0,179.0,179.0,179.0,179.0,179.0,179.0,179.0,179.0,179.0,179.0,179.0,179.0,179.0,179.0,179.0,179.0,179.0,179.0,179.0,179.0,179.0,179.0,179.0,179.0,179.0,179.0,179.0,179.0,178.0,178.0,178.0,178.0,178.0,178.0,178.0,178.0,178.0,178.0,178.0,178.0,,,,,,,,,,,,,,,,,,,,,,,,,,,,,,,,,,,,,,,,,,,,,,,,,,,,,,,,,,,,,,,,,,,,,,,,,,,,,,,,,,,,,,,,,,,,,,,,,,,,,,,,,,,,,,,,,,,,,,,,,,,,,,,,,,,,,,,,,,,,,,,,,,,,,,,,,,,,,,,,,,,,,,,,,,,,,,,,,,,,,,,,,,,,,,,,,,,,,,,,,,,,,,,,,,,,,,,,,,,,,,,,,,,,,,,,,,,,,,,,,,,,,,,,,,,,,,,,,
177.0,177.0,176.0,175.0,175.0,175.0,176.0,176.0,176.0,177.0,177.0,177.0,177.0,176.0,176.0,176.0,177.0,177.0,177.0,177.0,177.0,177.0,176.0,176.0,176.0,176.0,176.0,176.0,176.0,177.0,178.0,178.0,178.0,,,,,,,,,,,,,,,,,,,,,,,,,,,,,,,,,,,,,,,,,,,,,,,,,,,,,,,,,,,,,,,,,,,,,,,,,,,,,,,,,,,,,,,,,,,,,,,,,,,,,,,,,,,,,,,,,,,,,,,,,,,,,,,,,,,,,,,,,,,,,,,,,,,,,,,,,,,,,,,,,,,,,,,,,,,,,,,,,,,,,,,,,,,,,,,,,,,,,,,,,,,,,,,,,,,,,,,,,,,,,,,,,,,,,,,,,,,,,,,,,,,,,,,,,,,,,,,,,,,,,,,,,,,
180.0,180.0,180.0,180.0,180.0,180.0,180.0,180.0,180.0,180.0,180.0,180.0,180.0,180.0,180.0,180.0,180.0,180.0,180.0,180.0,180.0,180.0,180.0,180.0,180.0,180.0,180.0,180.0,180.0,180.0,180.0,180.0,,,,,,,,,,,,,,,,,,,,,,,,,,,,,,,,,,,,,,,,,,,,,,,,,,,,,,,,,,,,,,,,,,,,,,,,,,,,,,,,,,,,,,,,,,,,,,,,,,,,,,,,,,,,,,,,,,,,,,,,,,,,,,,,,,,,,,,,,,,,,,,,,,,,,,,,,,,,,,,,,,,,,,,,,,,,,,,,,,,,,,,,,,,,,,,,,,,,,,,,,,,,,,,,,,,,,,,,,,,,,,,,,,,,,,,,,,,,,,,,,,,,,,,,,,,,,,,,,,,,,,,,,,,,
179.0,179.0,179.0,179.0,179.0,179.0,180.0,180.0,180.0,180.0,180.0,180.0,180.0,180.0,180.0,180.0,180.0,180.0,180.0,180.0,180.0,180.0,180.0,180.0,180.0,180.0,180.0,180.0,180.0,180.0,180.0,180.0,180.0,180.0,180.0,180.0,,,,,,,,,,,,,,,,,,,,,,,,,,,,,,,,,,,,,,,,,,,,,,,,,,,,,,,,,,,,,,,,,,,,,,,,,,,,,,,,,,,,,,,,,,,,,,,,,,,,,,,,,,,,,,,,,,,,,,,,,,,,,,,,,,,,,,,,,,,,,,,,,,,,,,,,,,,,,,,,,,,,,,,,,,,,,,,,,,,,,,,,,,,,,,,,,,,,,,,,,,,,,,,,,,,,,,,,,,,,,,,,,,,,,,,,,,,,,,,,,,,,,,,,,,,,,,,,,,,,,,,,
180.0,180.0,180.0,180.0,180.0,180.0,179.0,179.0,178.0,178.0,179.0,179.0,179.0,179.0,179.0,179.0,179.0,179.0,179.0,179.0,179.0,179.0,180.0,180.0,180.0,180.0,180.0,180.0,180.0,180.0,180.0,180.0,180.0,180.0,179.0,179.0,179.0,180.0,,,,,,,,,,,,,,,,,,,,,,,,,,,,,,,,,,,,,,,,,,,,,,,,,,,,,,,,,,,,,,,,,,,,,,,,,,,,,,,,,,,,,,,,,,,,,,,,,,,,,,,,,,,,,,,,,,,,,,,,,,,,,,,,,,,,,,,,,,,,,,,,,,,,,,,,,,,,,,,,,,,,,,,,,,,,,,,,,,,,,,,,,,,,,,,,,,,,,,,,,,,,,,,,,,,,,,,,,,,,,,,,,,,,,,,,,,,,,,,,,,,,,,,,,,,,,,,,,,,,,,
140.0,140.0,141.0,141.0,141.0,141.0,142.0,142.0,142.0,143.0,144.0,146.0,148.0,149.0,149.0,149.0,151.0,151.0,152.0,153.0,153.0,154.0,156.0,156.0,157.0,157.0,157.0,157.0,157.0,158.0,158.0,158.0,158.0,158.0,159.0,159.0,159.0,160.0,160.0,160.0,160.0,160.0,160.0,160.0,160.0,160.0,160.0,159.0,159.0,158.0,158.0,,,,,,,,,,,,,,,,,,,,,,,,,,,,,,,,,,,,,,,,,,,,,,,,,,,,,,,,,,,,,,,,,,,,,,,,,,,,,,,,,,,,,,,,,,,,,,,,,,,,,,,,,,,,,,,,,,,,,,,,,,,,,,,,,,,,,,,,,,,,,,,,,,,,,,,,,,,,,,,,,,,,,,,,,,,,,,,,,,,,,,,,,,,,,,,,,,,,,,,,,,,,,,,,,,,,,,,,,,,,,,,,,,,,,,,,,,,,,,,,,,,,,,,,,
173.0,173.0,173.0,172.0,173.0,174.0,174.0,176.0,176.0,176.0,176.0,176.0,177.0,178.0,178.0,178.0,178.0,178.0,178.0,178.0,178.0,179.0,179.0,180.0,179.0,179.0,179.0,179.0,179.0,179.0,179.0,179.0,179.0,179.0,179.0,179.0,179.0,179.0,179.0,179.0,,,,,,,,,,,,,,,,,,,,,,,,,,,,,,,,,,,,,,,,,,,,,,,,,,,,,,,,,,,,,,,,,,,,,,,,,,,,,,,,,,,,,,,,,,,,,,,,,,,,,,,,,,,,,,,,,,,,,,,,,,,,,,,,,,,,,,,,,,,,,,,,,,,,,,,,,,,,,,,,,,,,,,,,,,,,,,,,,,,,,,,,,,,,,,,,,,,,,,,,,,,,,,,,,,,,,,,,,,,,,,,,,,,,,,,,,,,,,,,,,,,,,,,,,,,,,,,,,,,,
179.0,179.0,179.0,179.0,179.0,178.0,178.0,178.0,178.0,178.0,178.0,178.0,177.0,177.0,177.0,177.0,177.0,177.0,177.0,177.0,177.0,177.0,177.0,177.0,177.0,177.0,177.0,177.0,177.0,177.0,177.0,177.0,177.0,177.0,177.0,176.0,175.0,175.0,175.0,175.0,175.0,,,,,,,,,,,,,,,,,,,,,,,,,,,,,,,,,,,,,,,,,,,,,,,,,,,,,,,,,,,,,,,,,,,,,,,,,,,,,,,,,,,,,,,,,,,,,,,,,,,,,,,,,,,,,,,,,,,,,,,,,,,,,,,,,,,,,,,,,,,,,,,,,,,,,,,,,,,,,,,,,,,,,,,,,,,,,,,,,,,,,,,,,,,,,,,,,,,,,,,,,,,,,,,,,,,,,,,,,,,,,,,,,,,,,,,,,,,,,,,,,,,,,,,,,,,,,,,,,,,
176.0,176.0,177.0,178.0,179.0,179.0,179.0,180.0,180.0,180.0,180.0,180.0,180.0,180.0,180.0,180.0,180.0,180.0,180.0,179.0,179.0,179.0,180.0,180.0,180.0,180.0,180.0,180.0,180.0,180.0,180.0,180.0,180.0,180.0,180.0,180.0,180.0,180.0,180.0,180.0,180.0,180.0,,,,,,,,,,,,,,,,,,,,,,,,,,,,,,,,,,,,,,,,,,,,,,,,,,,,,,,,,,,,,,,,,,,,,,,,,,,,,,,,,,,,,,,,,,,,,,,,,,,,,,,,,,,,,,,,,,,,,,,,,,,,,,,,,,,,,,,,,,,,,,,,,,,,,,,,,,,,,,,,,,,,,,,,,,,,,,,,,,,,,,,,,,,,,,,,,,,,,,,,,,,,,,,,,,,,,,,,,,,,,,,,,,,,,,,,,,,,,,,,,,,,,,,,,,,,,,,,,,
177.0,177.0,177.0,177.0,177.0,177.0,177.0,177.0,176.0,176.0,175.0,175.0,175.0,173.0,173.0,174.0,173.0,173.0,174.0,174.0,173.0,173.0,173.0,173.0,173.0,173.0,174.0,174.0,175.0,176.0,176.0,176.0,176.0,176.0,176.0,176.0,175.0,175.0,,,,,,,,,,,,,,,,,,,,,,,,,,,,,,,,,,,,,,,,,,,,,,,,,,,,,,,,,,,,,,,,,,,,,,,,,,,,,,,,,,,,,,,,,,,,,,,,,,,,,,,,,,,,,,,,,,,,,,,,,,,,,,,,,,,,,,,,,,,,,,,,,,,,,,,,,,,,,,,,,,,,,,,,,,,,,,,,,,,,,,,,,,,,,,,,,,,,,,,,,,,,,,,,,,,,,,,,,,,,,,,,,,,,,,,,,,,,,,,,,,,,,,,,,,,,,,,,,,,,,,
180.0,180.0,180.0,180.0,180.0,180.0,180.0,180.0,180.0,180.0,180.0,180.0,180.0,180.0,180.0,180.0,180.0,180.0,180.0,180.0,180.0,180.0,180.0,180.0,180.0,180.0,180.0,180.0,180.0,180.0,180.0,180.0,180.0,180.0,,,,,,,,,,,,,,,,,,,,,,,,,,,,,,,,,,,,,,,,,,,,,,,,,,,,,,,,,,,,,,,,,,,,,,,,,,,,,,,,,,,,,,,,,,,,,,,,,,,,,,,,,,,,,,,,,,,,,,,,,,,,,,,,,,,,,,,,,,,,,,,,,,,,,,,,,,,,,,,,,,,,,,,,,,,,,,,,,,,,,,,,,,,,,,,,,,,,,,,,,,,,,,,,,,,,,,,,,,,,,,,,,,,,,,,,,,,,,,,,,,,,,,,,,,,,,,,,,,,,,,,,,,
173.0,173.0,174.0,174.0,174.0,175.0,175.0,175.0,175.0,176.0,176.0,176.0,175.0,175.0,176.0,176.0,176.0,176.0,175.0,176.0,176.0,176.0,176.0,176.0,176.0,176.0,176.0,176.0,175.0,175.0,175.0,175.0,175.0,174.0,174.0,174.0,174.0,174.0,174.0,174.0,174.0,174.0,174.0,,,,,,,,,,,,,,,,,,,,,,,,,,,,,,,,,,,,,,,,,,,,,,,,,,,,,,,,,,,,,,,,,,,,,,,,,,,,,,,,,,,,,,,,,,,,,,,,,,,,,,,,,,,,,,,,,,,,,,,,,,,,,,,,,,,,,,,,,,,,,,,,,,,,,,,,,,,,,,,,,,,,,,,,,,,,,,,,,,,,,,,,,,,,,,,,,,,,,,,,,,,,,,,,,,,,,,,,,,,,,,,,,,,,,,,,,,,,,,,,,,,,,,,,,,,,,,,,,
180.0,180.0,180.0,180.0,180.0,180.0,180.0,180.0,180.0,180.0,180.0,180.0,180.0,180.0,180.0,180.0,180.0,180.0,180.0,180.0,180.0,180.0,180.0,180.0,180.0,180.0,180.0,180.0,180.0,180.0,180.0,180.0,180.0,180.0,180.0,180.0,180.0,,,,,,,,,,,,,,,,,,,,,,,,,,,,,,,,,,,,,,,,,,,,,,,,,,,,,,,,,,,,,,,,,,,,,,,,,,,,,,,,,,,,,,,,,,,,,,,,,,,,,,,,,,,,,,,,,,,,,,,,,,,,,,,,,,,,,,,,,,,,,,,,,,,,,,,,,,,,,,,,,,,,,,,,,,,,,,,,,,,,,,,,,,,,,,,,,,,,,,,,,,,,,,,,,,,,,,,,,,,,,,,,,,,,,,,,,,,,,,,,,,,,,,,,,,,,,,,,,,,,,,,
175.0,175.0,174.0,174.0,174.0,174.0,174.0,174.0,176.0,176.0,176.0,175.0,175.0,175.0,176.0,176.0,176.0,176.0,176.0,175.0,175.0,175.0,175.0,175.0,176.0,176.0,177.0,177.0,177.0,177.0,177.0,177.0,177.0,177.0,177.0,177.0,,,,,,,,,,,,,,,,,,,,,,,,,,,,,,,,,,,,,,,,,,,,,,,,,,,,,,,,,,,,,,,,,,,,,,,,,,,,,,,,,,,,,,,,,,,,,,,,,,,,,,,,,,,,,,,,,,,,,,,,,,,,,,,,,,,,,,,,,,,,,,,,,,,,,,,,,,,,,,,,,,,,,,,,,,,,,,,,,,,,,,,,,,,,,,,,,,,,,,,,,,,,,,,,,,,,,,,,,,,,,,,,,,,,,,,,,,,,,,,,,,,,,,,,,,,,,,,,,,,,,,,,
180.0,180.0,180.0,180.0,180.0,179.0,179.0,179.0,179.0,179.0,180.0,180.0,179.0,179.0,179.0,179.0,179.0,179.0,179.0,180.0,180.0,180.0,179.0,179.0,180.0,180.0,180.0,180.0,180.0,180.0,180.0,180.0,180.0,180.0,180.0,180.0,180.0,,,,,,,,,,,,,,,,,,,,,,,,,,,,,,,,,,,,,,,,,,,,,,,,,,,,,,,,,,,,,,,,,,,,,,,,,,,,,,,,,,,,,,,,,,,,,,,,,,,,,,,,,,,,,,,,,,,,,,,,,,,,,,,,,,,,,,,,,,,,,,,,,,,,,,,,,,,,,,,,,,,,,,,,,,,,,,,,,,,,,,,,,,,,,,,,,,,,,,,,,,,,,,,,,,,,,,,,,,,,,,,,,,,,,,,,,,,,,,,,,,,,,,,,,,,,,,,,,,,,,,,
177.0,177.0,177.0,177.0,177.0,177.0,176.0,176.0,177.0,177.0,177.0,177.0,178.0,178.0,178.0,179.0,179.0,179.0,179.0,180.0,180.0,180.0,180.0,180.0,180.0,180.0,180.0,180.0,180.0,180.0,179.0,179.0,179.0,179.0,179.0,179.0,179.0,179.0,179.0,179.0,179.0,179.0,179.0,179.0,,,,,,,,,,,,,,,,,,,,,,,,,,,,,,,,,,,,,,,,,,,,,,,,,,,,,,,,,,,,,,,,,,,,,,,,,,,,,,,,,,,,,,,,,,,,,,,,,,,,,,,,,,,,,,,,,,,,,,,,,,,,,,,,,,,,,,,,,,,,,,,,,,,,,,,,,,,,,,,,,,,,,,,,,,,,,,,,,,,,,,,,,,,,,,,,,,,,,,,,,,,,,,,,,,,,,,,,,,,,,,,,,,,,,,,,,,,,,,,,,,,,,,,,,,,,,,,,
180.0,180.0,180.0,180.0,180.0,180.0,180.0,180.0,178.0,178.0,179.0,179.0,179.0,178.0,178.0,178.0,177.0,178.0,178.0,177.0,177.0,177.0,177.0,177.0,177.0,176.0,176.0,176.0,176.0,176.0,177.0,178.0,178.0,178.0,178.0,178.0,178.0,178.0,176.0,176.0,,,,,,,,,,,,,,,,,,,,,,,,,,,,,,,,,,,,,,,,,,,,,,,,,,,,,,,,,,,,,,,,,,,,,,,,,,,,,,,,,,,,,,,,,,,,,,,,,,,,,,,,,,,,,,,,,,,,,,,,,,,,,,,,,,,,,,,,,,,,,,,,,,,,,,,,,,,,,,,,,,,,,,,,,,,,,,,,,,,,,,,,,,,,,,,,,,,,,,,,,,,,,,,,,,,,,,,,,,,,,,,,,,,,,,,,,,,,,,,,,,,,,,,,,,,,,,,,,,,,
155.0,156.0,156.0,156.0,155.0,155.0,153.0,153.0,152.0,149.0,149.0,148.0,148.0,148.0,148.0,148.0,148.0,148.0,148.0,149.0,147.0,147.0,147.0,147.0,147.0,146.0,146.0,146.0,146.0,146.0,145.0,145.0,145.0,145.0,145.0,145.0,145.0,145.0,144.0,144.0,144.0,144.0,,,,,,,,,,,,,,,,,,,,,,,,,,,,,,,,,,,,,,,,,,,,,,,,,,,,,,,,,,,,,,,,,,,,,,,,,,,,,,,,,,,,,,,,,,,,,,,,,,,,,,,,,,,,,,,,,,,,,,,,,,,,,,,,,,,,,,,,,,,,,,,,,,,,,,,,,,,,,,,,,,,,,,,,,,,,,,,,,,,,,,,,,,,,,,,,,,,,,,,,,,,,,,,,,,,,,,,,,,,,,,,,,,,,,,,,,,,,,,,,,,,,,,,,,,,,,,,,,,
180.0,179.0,178.0,178.0,178.0,178.0,178.0,178.0,178.0,178.0,179.0,179.0,179.0,178.0,178.0,178.0,178.0,178.0,178.0,178.0,178.0,178.0,178.0,178.0,178.0,178.0,178.0,178.0,178.0,178.0,178.0,178.0,178.0,178.0,176.0,176.0,176.0,176.0,176.0,176.0,,,,,,,,,,,,,,,,,,,,,,,,,,,,,,,,,,,,,,,,,,,,,,,,,,,,,,,,,,,,,,,,,,,,,,,,,,,,,,,,,,,,,,,,,,,,,,,,,,,,,,,,,,,,,,,,,,,,,,,,,,,,,,,,,,,,,,,,,,,,,,,,,,,,,,,,,,,,,,,,,,,,,,,,,,,,,,,,,,,,,,,,,,,,,,,,,,,,,,,,,,,,,,,,,,,,,,,,,,,,,,,,,,,,,,,,,,,,,,,,,,,,,,,,,,,,,,,,,,,,
177.0,177.0,177.0,178.0,178.0,178.0,178.0,178.0,178.0,178.0,178.0,178.0,177.0,176.0,176.0,176.0,176.0,176.0,176.0,176.0,176.0,176.0,175.0,175.0,175.0,175.0,175.0,175.0,175.0,175.0,175.0,175.0,174.0,,,,,,,,,,,,,,,,,,,,,,,,,,,,,,,,,,,,,,,,,,,,,,,,,,,,,,,,,,,,,,,,,,,,,,,,,,,,,,,,,,,,,,,,,,,,,,,,,,,,,,,,,,,,,,,,,,,,,,,,,,,,,,,,,,,,,,,,,,,,,,,,,,,,,,,,,,,,,,,,,,,,,,,,,,,,,,,,,,,,,,,,,,,,,,,,,,,,,,,,,,,,,,,,,,,,,,,,,,,,,,,,,,,,,,,,,,,,,,,,,,,,,,,,,,,,,,,,,,,,,,,,,,,
179.0,179.0,179.0,179.0,179.0,179.0,179.0,179.0,179.0,179.0,179.0,179.0,179.0,179.0,179.0,179.0,179.0,179.0,179.0,179.0,179.0,179.0,178.0,178.0,178.0,178.0,178.0,177.0,177.0,177.0,177.0,177.0,177.0,177.0,177.0,177.0,177.0,177.0,,,,,,,,,,,,,,,,,,,,,,,,,,,,,,,,,,,,,,,,,,,,,,,,,,,,,,,,,,,,,,,,,,,,,,,,,,,,,,,,,,,,,,,,,,,,,,,,,,,,,,,,,,,,,,,,,,,,,,,,,,,,,,,,,,,,,,,,,,,,,,,,,,,,,,,,,,,,,,,,,,,,,,,,,,,,,,,,,,,,,,,,,,,,,,,,,,,,,,,,,,,,,,,,,,,,,,,,,,,,,,,,,,,,,,,,,,,,,,,,,,,,,,,,,,,,,,,,,,,,,,
176.0,175.0,175.0,174.0,174.0,174.0,174.0,174.0,173.0,173.0,172.0,171.0,171.0,171.0,171.0,171.0,171.0,172.0,172.0,171.0,171.0,171.0,171.0,170.0,170.0,170.0,170.0,170.0,168.0,168.0,168.0,168.0,168.0,168.0,168.0,168.0,,,,,,,,,,,,,,,,,,,,,,,,,,,,,,,,,,,,,,,,,,,,,,,,,,,,,,,,,,,,,,,,,,,,,,,,,,,,,,,,,,,,,,,,,,,,,,,,,,,,,,,,,,,,,,,,,,,,,,,,,,,,,,,,,,,,,,,,,,,,,,,,,,,,,,,,,,,,,,,,,,,,,,,,,,,,,,,,,,,,,,,,,,,,,,,,,,,,,,,,,,,,,,,,,,,,,,,,,,,,,,,,,,,,,,,,,,,,,,,,,,,,,,,,,,,,,,,,,,,,,,,,
171.0,171.0,171.0,170.0,169.0,169.0,169.0,169.0,169.0,168.0,168.0,168.0,167.0,168.0,168.0,168.0,168.0,168.0,168.0,170.0,170.0,170.0,168.0,168.0,168.0,168.0,168.0,168.0,169.0,169.0,170.0,170.0,170.0,170.0,169.0,169.0,169.0,169.0,,,,,,,,,,,,,,,,,,,,,,,,,,,,,,,,,,,,,,,,,,,,,,,,,,,,,,,,,,,,,,,,,,,,,,,,,,,,,,,,,,,,,,,,,,,,,,,,,,,,,,,,,,,,,,,,,,,,,,,,,,,,,,,,,,,,,,,,,,,,,,,,,,,,,,,,,,,,,,,,,,,,,,,,,,,,,,,,,,,,,,,,,,,,,,,,,,,,,,,,,,,,,,,,,,,,,,,,,,,,,,,,,,,,,,,,,,,,,,,,,,,,,,,,,,,,,,,,,,,,,,
180.0,180.0,180.0,180.0,180.0,180.0,180.0,180.0,180.0,179.0,179.0,179.0,179.0,178.0,179.0,179.0,179.0,179.0,179.0,179.0,179.0,179.0,179.0,179.0,180.0,180.0,180.0,180.0,180.0,180.0,179.0,179.0,179.0,179.0,179.0,179.0,,,,,,,,,,,,,,,,,,,,,,,,,,,,,,,,,,,,,,,,,,,,,,,,,,,,,,,,,,,,,,,,,,,,,,,,,,,,,,,,,,,,,,,,,,,,,,,,,,,,,,,,,,,,,,,,,,,,,,,,,,,,,,,,,,,,,,,,,,,,,,,,,,,,,,,,,,,,,,,,,,,,,,,,,,,,,,,,,,,,,,,,,,,,,,,,,,,,,,,,,,,,,,,,,,,,,,,,,,,,,,,,,,,,,,,,,,,,,,,,,,,,,,,,,,,,,,,,,,,,,,,,
180.0,180.0,180.0,180.0,180.0,180.0,180.0,180.0,179.0,179.0,179.0,179.0,179.0,179.0,179.0,179.0,179.0,179.0,179.0,180.0,180.0,180.0,180.0,180.0,180.0,180.0,180.0,180.0,180.0,180.0,180.0,180.0,180.0,180.0,178.0,178.0,178.0,178.0,178.0,178.0,178.0,178.0,178.0,178.0,178.0,,,,,,,,,,,,,,,,,,,,,,,,,,,,,,,,,,,,,,,,,,,,,,,,,,,,,,,,,,,,,,,,,,,,,,,,,,,,,,,,,,,,,,,,,,,,,,,,,,,,,,,,,,,,,,,,,,,,,,,,,,,,,,,,,,,,,,,,,,,,,,,,,,,,,,,,,,,,,,,,,,,,,,,,,,,,,,,,,,,,,,,,,,,,,,,,,,,,,,,,,,,,,,,,,,,,,,,,,,,,,,,,,,,,,,,,,,,,,,,,,,,,,,,,,,,,,,,
178.0,178.0,178.0,178.0,178.0,178.0,178.0,178.0,178.0,178.0,179.0,180.0,180.0,180.0,180.0,180.0,180.0,180.0,179.0,179.0,179.0,179.0,179.0,179.0,179.0,179.0,179.0,179.0,179.0,179.0,179.0,179.0,180.0,180.0,180.0,179.0,179.0,179.0,179.0,179.0,180.0,,,,,,,,,,,,,,,,,,,,,,,,,,,,,,,,,,,,,,,,,,,,,,,,,,,,,,,,,,,,,,,,,,,,,,,,,,,,,,,,,,,,,,,,,,,,,,,,,,,,,,,,,,,,,,,,,,,,,,,,,,,,,,,,,,,,,,,,,,,,,,,,,,,,,,,,,,,,,,,,,,,,,,,,,,,,,,,,,,,,,,,,,,,,,,,,,,,,,,,,,,,,,,,,,,,,,,,,,,,,,,,,,,,,,,,,,,,,,,,,,,,,,,,,,,,,,,,,,,,
178.0,178.0,176.0,176.0,176.0,176.0,176.0,175.0,175.0,175.0,174.0,174.0,173.0,173.0,173.0,172.0,172.0,168.0,167.0,166.0,165.0,164.0,164.0,164.0,164.0,165.0,165.0,165.0,164.0,164.0,164.0,163.0,163.0,163.0,163.0,163.0,164.0,164.0,165.0,165.0,165.0,165.0,165.0,165.0,165.0,165.0,164.0,163.0,163.0,,,,,,,,,,,,,,,,,,,,,,,,,,,,,,,,,,,,,,,,,,,,,,,,,,,,,,,,,,,,,,,,,,,,,,,,,,,,,,,,,,,,,,,,,,,,,,,,,,,,,,,,,,,,,,,,,,,,,,,,,,,,,,,,,,,,,,,,,,,,,,,,,,,,,,,,,,,,,,,,,,,,,,,,,,,,,,,,,,,,,,,,,,,,,,,,,,,,,,,,,,,,,,,,,,,,,,,,,,,,,,,,,,,,,,,,,,,,,,,,,,,,,,,,,,,
180.0,180.0,180.0,180.0,180.0,180.0,180.0,180.0,180.0,180.0,180.0,180.0,179.0,179.0,179.0,179.0,179.0,179.0,179.0,178.0,178.0,178.0,178.0,177.0,177.0,177.0,177.0,177.0,,,,,,,,,,,,,,,,,,,,,,,,,,,,,,,,,,,,,,,,,,,,,,,,,,,,,,,,,,,,,,,,,,,,,,,,,,,,,,,,,,,,,,,,,,,,,,,,,,,,,,,,,,,,,,,,,,,,,,,,,,,,,,,,,,,,,,,,,,,,,,,,,,,,,,,,,,,,,,,,,,,,,,,,,,,,,,,,,,,,,,,,,,,,,,,,,,,,,,,,,,,,,,,,,,,,,,,,,,,,,,,,,,,,,,,,,,,,,,,,,,,,,,,,,,,,,,,,,,,,,,,,,,,,,,,,
179.0,179.0,179.0,179.0,179.0,179.0,179.0,179.0,179.0,179.0,179.0,179.0,179.0,179.0,179.0,179.0,179.0,179.0,179.0,179.0,179.0,179.0,179.0,179.0,179.0,179.0,179.0,179.0,179.0,,,,,,,,,,,,,,,,,,,,,,,,,,,,,,,,,,,,,,,,,,,,,,,,,,,,,,,,,,,,,,,,,,,,,,,,,,,,,,,,,,,,,,,,,,,,,,,,,,,,,,,,,,,,,,,,,,,,,,,,,,,,,,,,,,,,,,,,,,,,,,,,,,,,,,,,,,,,,,,,,,,,,,,,,,,,,,,,,,,,,,,,,,,,,,,,,,,,,,,,,,,,,,,,,,,,,,,,,,,,,,,,,,,,,,,,,,,,,,,,,,,,,,,,,,,,,,,,,,,,,,,,,,,,,,,
173.0,173.0,173.0,175.0,176.0,177.0,177.0,178.0,177.0,177.0,177.0,177.0,178.0,178.0,178.0,178.0,178.0,178.0,179.0,179.0,178.0,178.0,178.0,178.0,178.0,178.0,178.0,178.0,178.0,179.0,179.0,179.0,179.0,179.0,179.0,179.0,179.0,179.0,179.0,179.0,179.0,179.0,179.0,179.0,,,,,,,,,,,,,,,,,,,,,,,,,,,,,,,,,,,,,,,,,,,,,,,,,,,,,,,,,,,,,,,,,,,,,,,,,,,,,,,,,,,,,,,,,,,,,,,,,,,,,,,,,,,,,,,,,,,,,,,,,,,,,,,,,,,,,,,,,,,,,,,,,,,,,,,,,,,,,,,,,,,,,,,,,,,,,,,,,,,,,,,,,,,,,,,,,,,,,,,,,,,,,,,,,,,,,,,,,,,,,,,,,,,,,,,,,,,,,,,,,,,,,,,,,,,,,,,,
176.0,176.0,176.0,177.0,177.0,177.0,177.0,177.0,177.0,177.0,177.0,177.0,177.0,177.0,178.0,178.0,179.0,179.0,179.0,179.0,179.0,179.0,179.0,179.0,179.0,179.0,179.0,179.0,179.0,179.0,179.0,179.0,179.0,179.0,179.0,179.0,179.0,179.0,179.0,179.0,179.0,179.0,179.0,179.0,179.0,179.0,179.0,179.0,179.0,179.0,179.0,179.0,,,,,,,,,,,,,,,,,,,,,,,,,,,,,,,,,,,,,,,,,,,,,,,,,,,,,,,,,,,,,,,,,,,,,,,,,,,,,,,,,,,,,,,,,,,,,,,,,,,,,,,,,,,,,,,,,,,,,,,,,,,,,,,,,,,,,,,,,,,,,,,,,,,,,,,,,,,,,,,,,,,,,,,,,,,,,,,,,,,,,,,,,,,,,,,,,,,,,,,,,,,,,,,,,,,,,,,,,,,,,,,,,,,,,,,,,,,,,,,,,,,,,,,,
171.0,170.0,171.0,170.0,170.0,169.0,169.0,169.0,169.0,169.0,169.0,169.0,169.0,169.0,170.0,171.0,171.0,171.0,171.0,172.0,172.0,172.0,173.0,173.0,173.0,173.0,173.0,173.0,173.0,173.0,174.0,174.0,175.0,175.0,175.0,175.0,175.0,,,,,,,,,,,,,,,,,,,,,,,,,,,,,,,,,,,,,,,,,,,,,,,,,,,,,,,,,,,,,,,,,,,,,,,,,,,,,,,,,,,,,,,,,,,,,,,,,,,,,,,,,,,,,,,,,,,,,,,,,,,,,,,,,,,,,,,,,,,,,,,,,,,,,,,,,,,,,,,,,,,,,,,,,,,,,,,,,,,,,,,,,,,,,,,,,,,,,,,,,,,,,,,,,,,,,,,,,,,,,,,,,,,,,,,,,,,,,,,,,,,,,,,,,,,,,,,,,,,,,,,
175.0,174.0,174.0,173.0,173.0,173.0,173.0,172.0,173.0,173.0,173.0,173.0,173.0,173.0,172.0,172.0,172.0,172.0,172.0,172.0,172.0,172.0,172.0,172.0,172.0,172.0,173.0,173.0,174.0,174.0,174.0,174.0,174.0,174.0,174.0,174.0,174.0,174.0,174.0,,,,,,,,,,,,,,,,,,,,,,,,,,,,,,,,,,,,,,,,,,,,,,,,,,,,,,,,,,,,,,,,,,,,,,,,,,,,,,,,,,,,,,,,,,,,,,,,,,,,,,,,,,,,,,,,,,,,,,,,,,,,,,,,,,,,,,,,,,,,,,,,,,,,,,,,,,,,,,,,,,,,,,,,,,,,,,,,,,,,,,,,,,,,,,,,,,,,,,,,,,,,,,,,,,,,,,,,,,,,,,,,,,,,,,,,,,,,,,,,,,,,,,,,,,,,,,,,,,,,,
175.0,175.0,175.0,175.0,175.0,175.0,175.0,175.0,175.0,175.0,175.0,175.0,175.0,175.0,175.0,175.0,175.0,175.0,175.0,175.0,175.0,175.0,175.0,175.0,175.0,175.0,175.0,175.0,175.0,175.0,175.0,175.0,175.0,175.0,,,,,,,,,,,,,,,,,,,,,,,,,,,,,,,,,,,,,,,,,,,,,,,,,,,,,,,,,,,,,,,,,,,,,,,,,,,,,,,,,,,,,,,,,,,,,,,,,,,,,,,,,,,,,,,,,,,,,,,,,,,,,,,,,,,,,,,,,,,,,,,,,,,,,,,,,,,,,,,,,,,,,,,,,,,,,,,,,,,,,,,,,,,,,,,,,,,,,,,,,,,,,,,,,,,,,,,,,,,,,,,,,,,,,,,,,,,,,,,,,,,,,,,,,,,,,,,,,,,,,,,,,,
179.0,179.0,179.0,179.0,179.0,179.0,179.0,179.0,179.0,179.0,178.0,179.0,179.0,179.0,179.0,179.0,179.0,179.0,179.0,179.0,179.0,179.0,179.0,179.0,179.0,179.0,179.0,179.0,178.0,178.0,178.0,178.0,178.0,178.0,179.0,179.0,179.0,178.0,178.0,177.0,177.0,177.0,177.0,178.0,179.0,179.0,179.0,179.0,,,,,,,,,,,,,,,,,,,,,,,,,,,,,,,,,,,,,,,,,,,,,,,,,,,,,,,,,,,,,,,,,,,,,,,,,,,,,,,,,,,,,,,,,,,,,,,,,,,,,,,,,,,,,,,,,,,,,,,,,,,,,,,,,,,,,,,,,,,,,,,,,,,,,,,,,,,,,,,,,,,,,,,,,,,,,,,,,,,,,,,,,,,,,,,,,,,,,,,,,,,,,,,,,,,,,,,,,,,,,,,,,,,,,,,,,,,,,,,,,,,,,,,,,,,,
176.0,175.0,175.0,175.0,175.0,176.0,176.0,178.0,179.0,179.0,179.0,179.0,179.0,179.0,179.0,179.0,179.0,179.0,179.0,179.0,179.0,178.0,178.0,178.0,178.0,178.0,178.0,178.0,178.0,178.0,178.0,178.0,178.0,178.0,178.0,178.0,178.0,178.0,178.0,178.0,177.0,176.0,176.0,176.0,,,,,,,,,,,,,,,,,,,,,,,,,,,,,,,,,,,,,,,,,,,,,,,,,,,,,,,,,,,,,,,,,,,,,,,,,,,,,,,,,,,,,,,,,,,,,,,,,,,,,,,,,,,,,,,,,,,,,,,,,,,,,,,,,,,,,,,,,,,,,,,,,,,,,,,,,,,,,,,,,,,,,,,,,,,,,,,,,,,,,,,,,,,,,,,,,,,,,,,,,,,,,,,,,,,,,,,,,,,,,,,,,,,,,,,,,,,,,,,,,,,,,,,,,,,,,,,,
179.0,179.0,178.0,178.0,178.0,178.0,178.0,178.0,178.0,178.0,178.0,178.0,178.0,178.0,178.0,178.0,178.0,178.0,178.0,178.0,178.0,178.0,178.0,179.0,179.0,179.0,179.0,179.0,179.0,179.0,179.0,179.0,179.0,179.0,179.0,179.0,179.0,179.0,179.0,179.0,179.0,179.0,,,,,,,,,,,,,,,,,,,,,,,,,,,,,,,,,,,,,,,,,,,,,,,,,,,,,,,,,,,,,,,,,,,,,,,,,,,,,,,,,,,,,,,,,,,,,,,,,,,,,,,,,,,,,,,,,,,,,,,,,,,,,,,,,,,,,,,,,,,,,,,,,,,,,,,,,,,,,,,,,,,,,,,,,,,,,,,,,,,,,,,,,,,,,,,,,,,,,,,,,,,,,,,,,,,,,,,,,,,,,,,,,,,,,,,,,,,,,,,,,,,,,,,,,,,,,,,,,,
177.0,176.0,175.0,175.0,175.0,175.0,175.0,175.0,175.0,175.0,175.0,174.0,173.0,173.0,173.0,173.0,173.0,173.0,173.0,174.0,174.0,174.0,174.0,174.0,174.0,174.0,174.0,174.0,174.0,174.0,174.0,174.0,174.0,174.0,174.0,174.0,174.0,,,,,,,,,,,,,,,,,,,,,,,,,,,,,,,,,,,,,,,,,,,,,,,,,,,,,,,,,,,,,,,,,,,,,,,,,,,,,,,,,,,,,,,,,,,,,,,,,,,,,,,,,,,,,,,,,,,,,,,,,,,,,,,,,,,,,,,,,,,,,,,,,,,,,,,,,,,,,,,,,,,,,,,,,,,,,,,,,,,,,,,,,,,,,,,,,,,,,,,,,,,,,,,,,,,,,,,,,,,,,,,,,,,,,,,,,,,,,,,,,,,,,,,,,,,,,,,,,,,,,,,
178.0,178.0,178.0,179.0,179.0,179.0,178.0,178.0,178.0,178.0,178.0,178.0,178.0,178.0,178.0,178.0,178.0,178.0,178.0,178.0,178.0,178.0,178.0,178.0,178.0,178.0,178.0,178.0,178.0,178.0,178.0,178.0,178.0,178.0,178.0,,,,,,,,,,,,,,,,,,,,,,,,,,,,,,,,,,,,,,,,,,,,,,,,,,,,,,,,,,,,,,,,,,,,,,,,,,,,,,,,,,,,,,,,,,,,,,,,,,,,,,,,,,,,,,,,,,,,,,,,,,,,,,,,,,,,,,,,,,,,,,,,,,,,,,,,,,,,,,,,,,,,,,,,,,,,,,,,,,,,,,,,,,,,,,,,,,,,,,,,,,,,,,,,,,,,,,,,,,,,,,,,,,,,,,,,,,,,,,,,,,,,,,,,,,,,,,,,,,,,,,,,,
180.0,180.0,180.0,180.0,180.0,180.0,180.0,180.0,180.0,180.0,180.0,180.0,180.0,180.0,180.0,180.0,180.0,180.0,180.0,180.0,180.0,180.0,180.0,180.0,180.0,180.0,180.0,180.0,180.0,180.0,180.0,180.0,180.0,180.0,180.0,180.0,180.0,180.0,180.0,180.0,,,,,,,,,,,,,,,,,,,,,,,,,,,,,,,,,,,,,,,,,,,,,,,,,,,,,,,,,,,,,,,,,,,,,,,,,,,,,,,,,,,,,,,,,,,,,,,,,,,,,,,,,,,,,,,,,,,,,,,,,,,,,,,,,,,,,,,,,,,,,,,,,,,,,,,,,,,,,,,,,,,,,,,,,,,,,,,,,,,,,,,,,,,,,,,,,,,,,,,,,,,,,,,,,,,,,,,,,,,,,,,,,,,,,,,,,,,,,,,,,,,,,,,,,,,,,,,,,,,,
161.0,162.0,162.0,163.0,163.0,163.0,163.0,163.0,164.0,164.0,164.0,164.0,164.0,164.0,164.0,165.0,165.0,166.0,166.0,166.0,166.0,166.0,166.0,166.0,166.0,166.0,167.0,167.0,167.0,167.0,167.0,166.0,166.0,,,,,,,,,,,,,,,,,,,,,,,,,,,,,,,,,,,,,,,,,,,,,,,,,,,,,,,,,,,,,,,,,,,,,,,,,,,,,,,,,,,,,,,,,,,,,,,,,,,,,,,,,,,,,,,,,,,,,,,,,,,,,,,,,,,,,,,,,,,,,,,,,,,,,,,,,,,,,,,,,,,,,,,,,,,,,,,,,,,,,,,,,,,,,,,,,,,,,,,,,,,,,,,,,,,,,,,,,,,,,,,,,,,,,,,,,,,,,,,,,,,,,,,,,,,,,,,,,,,,,,,,,,,
179.0,179.0,179.0,179.0,179.0,180.0,179.0,179.0,179.0,179.0,179.0,179.0,179.0,179.0,179.0,180.0,180.0,180.0,180.0,180.0,180.0,180.0,180.0,180.0,179.0,179.0,179.0,179.0,179.0,179.0,179.0,179.0,179.0,179.0,179.0,179.0,179.0,,,,,,,,,,,,,,,,,,,,,,,,,,,,,,,,,,,,,,,,,,,,,,,,,,,,,,,,,,,,,,,,,,,,,,,,,,,,,,,,,,,,,,,,,,,,,,,,,,,,,,,,,,,,,,,,,,,,,,,,,,,,,,,,,,,,,,,,,,,,,,,,,,,,,,,,,,,,,,,,,,,,,,,,,,,,,,,,,,,,,,,,,,,,,,,,,,,,,,,,,,,,,,,,,,,,,,,,,,,,,,,,,,,,,,,,,,,,,,,,,,,,,,,,,,,,,,,,,,,,,,,
180.0,180.0,180.0,180.0,180.0,180.0,180.0,180.0,180.0,180.0,180.0,180.0,180.0,180.0,180.0,180.0,180.0,180.0,179.0,179.0,179.0,180.0,180.0,180.0,180.0,180.0,180.0,180.0,180.0,180.0,180.0,180.0,180.0,180.0,180.0,180.0,180.0,180.0,180.0,180.0,180.0,180.0,180.0,180.0,180.0,180.0,180.0,180.0,180.0,,,,,,,,,,,,,,,,,,,,,,,,,,,,,,,,,,,,,,,,,,,,,,,,,,,,,,,,,,,,,,,,,,,,,,,,,,,,,,,,,,,,,,,,,,,,,,,,,,,,,,,,,,,,,,,,,,,,,,,,,,,,,,,,,,,,,,,,,,,,,,,,,,,,,,,,,,,,,,,,,,,,,,,,,,,,,,,,,,,,,,,,,,,,,,,,,,,,,,,,,,,,,,,,,,,,,,,,,,,,,,,,,,,,,,,,,,,,,,,,,,,,,,,,,,,
179.0,179.0,179.0,179.0,179.0,179.0,179.0,179.0,179.0,179.0,179.0,179.0,179.0,179.0,179.0,179.0,179.0,179.0,179.0,179.0,179.0,179.0,179.0,179.0,179.0,179.0,179.0,179.0,179.0,179.0,179.0,179.0,179.0,179.0,179.0,,,,,,,,,,,,,,,,,,,,,,,,,,,,,,,,,,,,,,,,,,,,,,,,,,,,,,,,,,,,,,,,,,,,,,,,,,,,,,,,,,,,,,,,,,,,,,,,,,,,,,,,,,,,,,,,,,,,,,,,,,,,,,,,,,,,,,,,,,,,,,,,,,,,,,,,,,,,,,,,,,,,,,,,,,,,,,,,,,,,,,,,,,,,,,,,,,,,,,,,,,,,,,,,,,,,,,,,,,,,,,,,,,,,,,,,,,,,,,,,,,,,,,,,,,,,,,,,,,,,,,,,,
180.0,180.0,180.0,180.0,180.0,180.0,180.0,180.0,180.0,180.0,180.0,180.0,180.0,180.0,180.0,180.0,180.0,180.0,180.0,180.0,180.0,180.0,180.0,180.0,180.0,180.0,180.0,180.0,180.0,180.0,180.0,180.0,180.0,180.0,180.0,180.0,180.0,180.0,180.0,180.0,180.0,,,,,,,,,,,,,,,,,,,,,,,,,,,,,,,,,,,,,,,,,,,,,,,,,,,,,,,,,,,,,,,,,,,,,,,,,,,,,,,,,,,,,,,,,,,,,,,,,,,,,,,,,,,,,,,,,,,,,,,,,,,,,,,,,,,,,,,,,,,,,,,,,,,,,,,,,,,,,,,,,,,,,,,,,,,,,,,,,,,,,,,,,,,,,,,,,,,,,,,,,,,,,,,,,,,,,,,,,,,,,,,,,,,,,,,,,,,,,,,,,,,,,,,,,,,,,,,,,,,
168.0,168.0,169.0,169.0,169.0,169.0,169.0,169.0,169.0,169.0,169.0,169.0,168.0,168.0,168.0,168.0,168.0,168.0,169.0,169.0,169.0,169.0,169.0,169.0,169.0,169.0,169.0,169.0,169.0,169.0,169.0,169.0,169.0,,,,,,,,,,,,,,,,,,,,,,,,,,,,,,,,,,,,,,,,,,,,,,,,,,,,,,,,,,,,,,,,,,,,,,,,,,,,,,,,,,,,,,,,,,,,,,,,,,,,,,,,,,,,,,,,,,,,,,,,,,,,,,,,,,,,,,,,,,,,,,,,,,,,,,,,,,,,,,,,,,,,,,,,,,,,,,,,,,,,,,,,,,,,,,,,,,,,,,,,,,,,,,,,,,,,,,,,,,,,,,,,,,,,,,,,,,,,,,,,,,,,,,,,,,,,,,,,,,,,,,,,,,,
169.0,170.0,170.0,171.0,171.0,171.0,170.0,171.0,169.0,169.0,169.0,169.0,169.0,169.0,168.0,168.0,167.0,167.0,167.0,165.0,165.0,165.0,164.0,164.0,164.0,163.0,162.0,161.0,160.0,160.0,,,,,,,,,,,,,,,,,,,,,,,,,,,,,,,,,,,,,,,,,,,,,,,,,,,,,,,,,,,,,,,,,,,,,,,,,,,,,,,,,,,,,,,,,,,,,,,,,,,,,,,,,,,,,,,,,,,,,,,,,,,,,,,,,,,,,,,,,,,,,,,,,,,,,,,,,,,,,,,,,,,,,,,,,,,,,,,,,,,,,,,,,,,,,,,,,,,,,,,,,,,,,,,,,,,,,,,,,,,,,,,,,,,,,,,,,,,,,,,,,,,,,,,,,,,,,,,,,,,,,,,,,,,,,,
170.0,171.0,171.0,171.0,171.0,171.0,170.0,170.0,169.0,169.0,169.0,169.0,169.0,169.0,169.0,169.0,170.0,170.0,170.0,170.0,170.0,170.0,170.0,170.0,170.0,170.0,170.0,170.0,,,,,,,,,,,,,,,,,,,,,,,,,,,,,,,,,,,,,,,,,,,,,,,,,,,,,,,,,,,,,,,,,,,,,,,,,,,,,,,,,,,,,,,,,,,,,,,,,,,,,,,,,,,,,,,,,,,,,,,,,,,,,,,,,,,,,,,,,,,,,,,,,,,,,,,,,,,,,,,,,,,,,,,,,,,,,,,,,,,,,,,,,,,,,,,,,,,,,,,,,,,,,,,,,,,,,,,,,,,,,,,,,,,,,,,,,,,,,,,,,,,,,,,,,,,,,,,,,,,,,,,,,,,,,,,,
180.0,180.0,180.0,179.0,179.0,179.0,179.0,179.0,179.0,179.0,179.0,179.0,179.0,179.0,179.0,179.0,180.0,179.0,179.0,179.0,179.0,179.0,179.0,179.0,179.0,179.0,179.0,180.0,180.0,180.0,180.0,180.0,180.0,180.0,180.0,180.0,179.0,,,,,,,,,,,,,,,,,,,,,,,,,,,,,,,,,,,,,,,,,,,,,,,,,,,,,,,,,,,,,,,,,,,,,,,,,,,,,,,,,,,,,,,,,,,,,,,,,,,,,,,,,,,,,,,,,,,,,,,,,,,,,,,,,,,,,,,,,,,,,,,,,,,,,,,,,,,,,,,,,,,,,,,,,,,,,,,,,,,,,,,,,,,,,,,,,,,,,,,,,,,,,,,,,,,,,,,,,,,,,,,,,,,,,,,,,,,,,,,,,,,,,,,,,,,,,,,,,,,,,,,
180.0,180.0,180.0,180.0,180.0,180.0,180.0,180.0,180.0,180.0,180.0,180.0,180.0,180.0,180.0,180.0,180.0,180.0,180.0,180.0,180.0,180.0,180.0,180.0,180.0,180.0,180.0,180.0,180.0,180.0,180.0,180.0,180.0,180.0,180.0,180.0,180.0,180.0,180.0,180.0,,,,,,,,,,,,,,,,,,,,,,,,,,,,,,,,,,,,,,,,,,,,,,,,,,,,,,,,,,,,,,,,,,,,,,,,,,,,,,,,,,,,,,,,,,,,,,,,,,,,,,,,,,,,,,,,,,,,,,,,,,,,,,,,,,,,,,,,,,,,,,,,,,,,,,,,,,,,,,,,,,,,,,,,,,,,,,,,,,,,,,,,,,,,,,,,,,,,,,,,,,,,,,,,,,,,,,,,,,,,,,,,,,,,,,,,,,,,,,,,,,,,,,,,,,,,,,,,,,,,
175.0,172.0,172.0,172.0,172.0,172.0,172.0,172.0,171.0,170.0,169.0,169.0,169.0,168.0,168.0,168.0,168.0,168.0,168.0,168.0,168.0,166.0,166.0,166.0,165.0,165.0,164.0,163.0,163.0,163.0,163.0,163.0,163.0,163.0,163.0,162.0,162.0,,,,,,,,,,,,,,,,,,,,,,,,,,,,,,,,,,,,,,,,,,,,,,,,,,,,,,,,,,,,,,,,,,,,,,,,,,,,,,,,,,,,,,,,,,,,,,,,,,,,,,,,,,,,,,,,,,,,,,,,,,,,,,,,,,,,,,,,,,,,,,,,,,,,,,,,,,,,,,,,,,,,,,,,,,,,,,,,,,,,,,,,,,,,,,,,,,,,,,,,,,,,,,,,,,,,,,,,,,,,,,,,,,,,,,,,,,,,,,,,,,,,,,,,,,,,,,,,,,,,,,,
178.0,177.0,177.0,177.0,177.0,177.0,176.0,175.0,175.0,175.0,175.0,175.0,175.0,175.0,175.0,176.0,176.0,176.0,176.0,175.0,175.0,175.0,175.0,175.0,175.0,175.0,175.0,175.0,175.0,175.0,175.0,175.0,175.0,,,,,,,,,,,,,,,,,,,,,,,,,,,,,,,,,,,,,,,,,,,,,,,,,,,,,,,,,,,,,,,,,,,,,,,,,,,,,,,,,,,,,,,,,,,,,,,,,,,,,,,,,,,,,,,,,,,,,,,,,,,,,,,,,,,,,,,,,,,,,,,,,,,,,,,,,,,,,,,,,,,,,,,,,,,,,,,,,,,,,,,,,,,,,,,,,,,,,,,,,,,,,,,,,,,,,,,,,,,,,,,,,,,,,,,,,,,,,,,,,,,,,,,,,,,,,,,,,,,,,,,,,,,
178.0,178.0,177.0,176.0,176.0,177.0,175.0,174.0,174.0,172.0,172.0,172.0,172.0,172.0,172.0,172.0,172.0,172.0,172.0,172.0,172.0,172.0,172.0,172.0,172.0,172.0,172.0,172.0,172.0,172.0,172.0,172.0,172.0,172.0,172.0,172.0,172.0,172.0,172.0,172.0,172.0,172.0,172.0,172.0,172.0,172.0,172.0,172.0,172.0,172.0,172.0,,,,,,,,,,,,,,,,,,,,,,,,,,,,,,,,,,,,,,,,,,,,,,,,,,,,,,,,,,,,,,,,,,,,,,,,,,,,,,,,,,,,,,,,,,,,,,,,,,,,,,,,,,,,,,,,,,,,,,,,,,,,,,,,,,,,,,,,,,,,,,,,,,,,,,,,,,,,,,,,,,,,,,,,,,,,,,,,,,,,,,,,,,,,,,,,,,,,,,,,,,,,,,,,,,,,,,,,,,,,,,,,,,,,,,,,,,,,,,,,,,,,,,,,,
174.0,174.0,175.0,175.0,176.0,176.0,176.0,176.0,176.0,176.0,176.0,176.0,176.0,175.0,175.0,176.0,176.0,176.0,176.0,176.0,176.0,176.0,176.0,176.0,176.0,176.0,176.0,176.0,176.0,176.0,176.0,176.0,176.0,176.0,176.0,176.0,176.0,176.0,176.0,,,,,,,,,,,,,,,,,,,,,,,,,,,,,,,,,,,,,,,,,,,,,,,,,,,,,,,,,,,,,,,,,,,,,,,,,,,,,,,,,,,,,,,,,,,,,,,,,,,,,,,,,,,,,,,,,,,,,,,,,,,,,,,,,,,,,,,,,,,,,,,,,,,,,,,,,,,,,,,,,,,,,,,,,,,,,,,,,,,,,,,,,,,,,,,,,,,,,,,,,,,,,,,,,,,,,,,,,,,,,,,,,,,,,,,,,,,,,,,,,,,,,,,,,,,,,,,,,,,,,
177.0,177.0,177.0,177.0,176.0,176.0,177.0,177.0,177.0,177.0,177.0,177.0,177.0,178.0,178.0,178.0,178.0,178.0,178.0,178.0,178.0,178.0,178.0,178.0,178.0,178.0,178.0,177.0,177.0,177.0,177.0,177.0,177.0,178.0,178.0,178.0,178.0,178.0,178.0,178.0,178.0,,,,,,,,,,,,,,,,,,,,,,,,,,,,,,,,,,,,,,,,,,,,,,,,,,,,,,,,,,,,,,,,,,,,,,,,,,,,,,,,,,,,,,,,,,,,,,,,,,,,,,,,,,,,,,,,,,,,,,,,,,,,,,,,,,,,,,,,,,,,,,,,,,,,,,,,,,,,,,,,,,,,,,,,,,,,,,,,,,,,,,,,,,,,,,,,,,,,,,,,,,,,,,,,,,,,,,,,,,,,,,,,,,,,,,,,,,,,,,,,,,,,,,,,,,,,,,,,,,,
176.0,176.0,176.0,176.0,177.0,177.0,177.0,177.0,177.0,177.0,177.0,177.0,177.0,177.0,176.0,177.0,177.0,177.0,177.0,177.0,177.0,177.0,177.0,177.0,177.0,177.0,177.0,177.0,177.0,177.0,177.0,177.0,177.0,177.0,177.0,177.0,177.0,177.0,177.0,177.0,177.0,177.0,,,,,,,,,,,,,,,,,,,,,,,,,,,,,,,,,,,,,,,,,,,,,,,,,,,,,,,,,,,,,,,,,,,,,,,,,,,,,,,,,,,,,,,,,,,,,,,,,,,,,,,,,,,,,,,,,,,,,,,,,,,,,,,,,,,,,,,,,,,,,,,,,,,,,,,,,,,,,,,,,,,,,,,,,,,,,,,,,,,,,,,,,,,,,,,,,,,,,,,,,,,,,,,,,,,,,,,,,,,,,,,,,,,,,,,,,,,,,,,,,,,,,,,,,,,,,,,,,,
172.0,172.0,172.0,172.0,172.0,173.0,172.0,173.0,173.0,174.0,174.0,173.0,173.0,173.0,173.0,174.0,174.0,174.0,174.0,174.0,174.0,174.0,174.0,175.0,175.0,175.0,175.0,175.0,175.0,175.0,176.0,177.0,177.0,177.0,,,,,,,,,,,,,,,,,,,,,,,,,,,,,,,,,,,,,,,,,,,,,,,,,,,,,,,,,,,,,,,,,,,,,,,,,,,,,,,,,,,,,,,,,,,,,,,,,,,,,,,,,,,,,,,,,,,,,,,,,,,,,,,,,,,,,,,,,,,,,,,,,,,,,,,,,,,,,,,,,,,,,,,,,,,,,,,,,,,,,,,,,,,,,,,,,,,,,,,,,,,,,,,,,,,,,,,,,,,,,,,,,,,,,,,,,,,,,,,,,,,,,,,,,,,,,,,,,,,,,,,,,,
178.0,178.0,178.0,179.0,179.0,179.0,180.0,180.0,180.0,179.0,180.0,180.0,180.0,180.0,180.0,180.0,180.0,180.0,180.0,180.0,180.0,180.0,180.0,179.0,179.0,179.0,179.0,179.0,179.0,179.0,179.0,179.0,179.0,179.0,179.0,179.0,179.0,179.0,179.0,179.0,179.0,179.0,179.0,179.0,,,,,,,,,,,,,,,,,,,,,,,,,,,,,,,,,,,,,,,,,,,,,,,,,,,,,,,,,,,,,,,,,,,,,,,,,,,,,,,,,,,,,,,,,,,,,,,,,,,,,,,,,,,,,,,,,,,,,,,,,,,,,,,,,,,,,,,,,,,,,,,,,,,,,,,,,,,,,,,,,,,,,,,,,,,,,,,,,,,,,,,,,,,,,,,,,,,,,,,,,,,,,,,,,,,,,,,,,,,,,,,,,,,,,,,,,,,,,,,,,,,,,,,,,,,,,,,,
169.0,170.0,170.0,170.0,170.0,170.0,170.0,170.0,169.0,169.0,169.0,169.0,169.0,169.0,169.0,169.0,169.0,169.0,169.0,169.0,169.0,168.0,168.0,168.0,168.0,168.0,168.0,167.0,167.0,167.0,167.0,167.0,167.0,167.0,166.0,166.0,166.0,,,,,,,,,,,,,,,,,,,,,,,,,,,,,,,,,,,,,,,,,,,,,,,,,,,,,,,,,,,,,,,,,,,,,,,,,,,,,,,,,,,,,,,,,,,,,,,,,,,,,,,,,,,,,,,,,,,,,,,,,,,,,,,,,,,,,,,,,,,,,,,,,,,,,,,,,,,,,,,,,,,,,,,,,,,,,,,,,,,,,,,,,,,,,,,,,,,,,,,,,,,,,,,,,,,,,,,,,,,,,,,,,,,,,,,,,,,,,,,,,,,,,,,,,,,,,,,,,,,,,,,
173.0,172.0,171.0,172.0,171.0,171.0,172.0,172.0,172.0,172.0,173.0,173.0,172.0,173.0,173.0,173.0,172.0,172.0,172.0,172.0,172.0,171.0,171.0,171.0,171.0,171.0,171.0,171.0,171.0,171.0,171.0,171.0,171.0,171.0,172.0,172.0,172.0,,,,,,,,,,,,,,,,,,,,,,,,,,,,,,,,,,,,,,,,,,,,,,,,,,,,,,,,,,,,,,,,,,,,,,,,,,,,,,,,,,,,,,,,,,,,,,,,,,,,,,,,,,,,,,,,,,,,,,,,,,,,,,,,,,,,,,,,,,,,,,,,,,,,,,,,,,,,,,,,,,,,,,,,,,,,,,,,,,,,,,,,,,,,,,,,,,,,,,,,,,,,,,,,,,,,,,,,,,,,,,,,,,,,,,,,,,,,,,,,,,,,,,,,,,,,,,,,,,,,,,,
179.0,179.0,179.0,178.0,178.0,178.0,178.0,178.0,178.0,178.0,178.0,178.0,178.0,178.0,178.0,178.0,178.0,178.0,178.0,178.0,178.0,178.0,178.0,178.0,178.0,178.0,178.0,178.0,178.0,178.0,178.0,178.0,178.0,178.0,178.0,178.0,,,,,,,,,,,,,,,,,,,,,,,,,,,,,,,,,,,,,,,,,,,,,,,,,,,,,,,,,,,,,,,,,,,,,,,,,,,,,,,,,,,,,,,,,,,,,,,,,,,,,,,,,,,,,,,,,,,,,,,,,,,,,,,,,,,,,,,,,,,,,,,,,,,,,,,,,,,,,,,,,,,,,,,,,,,,,,,,,,,,,,,,,,,,,,,,,,,,,,,,,,,,,,,,,,,,,,,,,,,,,,,,,,,,,,,,,,,,,,,,,,,,,,,,,,,,,,,,,,,,,,,,
178.0,178.0,178.0,178.0,178.0,178.0,178.0,178.0,178.0,178.0,177.0,178.0,178.0,178.0,178.0,178.0,178.0,178.0,178.0,178.0,178.0,179.0,179.0,179.0,178.0,178.0,178.0,178.0,178.0,178.0,178.0,178.0,179.0,179.0,179.0,179.0,180.0,180.0,180.0,,,,,,,,,,,,,,,,,,,,,,,,,,,,,,,,,,,,,,,,,,,,,,,,,,,,,,,,,,,,,,,,,,,,,,,,,,,,,,,,,,,,,,,,,,,,,,,,,,,,,,,,,,,,,,,,,,,,,,,,,,,,,,,,,,,,,,,,,,,,,,,,,,,,,,,,,,,,,,,,,,,,,,,,,,,,,,,,,,,,,,,,,,,,,,,,,,,,,,,,,,,,,,,,,,,,,,,,,,,,,,,,,,,,,,,,,,,,,,,,,,,,,,,,,,,,,,,,,,,,,
175.0,176.0,176.0,177.0,177.0,177.0,177.0,177.0,177.0,177.0,177.0,177.0,177.0,177.0,177.0,177.0,177.0,177.0,177.0,177.0,177.0,177.0,177.0,177.0,177.0,177.0,177.0,177.0,177.0,177.0,179.0,179.0,179.0,179.0,,,,,,,,,,,,,,,,,,,,,,,,,,,,,,,,,,,,,,,,,,,,,,,,,,,,,,,,,,,,,,,,,,,,,,,,,,,,,,,,,,,,,,,,,,,,,,,,,,,,,,,,,,,,,,,,,,,,,,,,,,,,,,,,,,,,,,,,,,,,,,,,,,,,,,,,,,,,,,,,,,,,,,,,,,,,,,,,,,,,,,,,,,,,,,,,,,,,,,,,,,,,,,,,,,,,,,,,,,,,,,,,,,,,,,,,,,,,,,,,,,,,,,,,,,,,,,,,,,,,,,,,,,
173.0,173.0,173.0,173.0,173.0,173.0,172.0,172.0,172.0,172.0,172.0,172.0,172.0,172.0,172.0,172.0,172.0,172.0,172.0,173.0,173.0,173.0,173.0,173.0,174.0,174.0,175.0,176.0,176.0,176.0,177.0,177.0,,,,,,,,,,,,,,,,,,,,,,,,,,,,,,,,,,,,,,,,,,,,,,,,,,,,,,,,,,,,,,,,,,,,,,,,,,,,,,,,,,,,,,,,,,,,,,,,,,,,,,,,,,,,,,,,,,,,,,,,,,,,,,,,,,,,,,,,,,,,,,,,,,,,,,,,,,,,,,,,,,,,,,,,,,,,,,,,,,,,,,,,,,,,,,,,,,,,,,,,,,,,,,,,,,,,,,,,,,,,,,,,,,,,,,,,,,,,,,,,,,,,,,,,,,,,,,,,,,,,,,,,,,,,
159.0,160.0,161.0,161.0,161.0,161.0,161.0,161.0,162.0,162.0,162.0,164.0,165.0,166.0,167.0,167.0,167.0,167.0,167.0,167.0,166.0,166.0,166.0,166.0,166.0,166.0,166.0,167.0,167.0,167.0,167.0,167.0,167.0,167.0,167.0,167.0,167.0,166.0,166.0,166.0,,,,,,,,,,,,,,,,,,,,,,,,,,,,,,,,,,,,,,,,,,,,,,,,,,,,,,,,,,,,,,,,,,,,,,,,,,,,,,,,,,,,,,,,,,,,,,,,,,,,,,,,,,,,,,,,,,,,,,,,,,,,,,,,,,,,,,,,,,,,,,,,,,,,,,,,,,,,,,,,,,,,,,,,,,,,,,,,,,,,,,,,,,,,,,,,,,,,,,,,,,,,,,,,,,,,,,,,,,,,,,,,,,,,,,,,,,,,,,,,,,,,,,,,,,,,,,,,,,,,
180.0,180.0,180.0,180.0,180.0,180.0,180.0,180.0,179.0,179.0,179.0,180.0,180.0,180.0,180.0,180.0,180.0,180.0,180.0,180.0,180.0,180.0,180.0,180.0,180.0,180.0,180.0,180.0,180.0,180.0,,,,,,,,,,,,,,,,,,,,,,,,,,,,,,,,,,,,,,,,,,,,,,,,,,,,,,,,,,,,,,,,,,,,,,,,,,,,,,,,,,,,,,,,,,,,,,,,,,,,,,,,,,,,,,,,,,,,,,,,,,,,,,,,,,,,,,,,,,,,,,,,,,,,,,,,,,,,,,,,,,,,,,,,,,,,,,,,,,,,,,,,,,,,,,,,,,,,,,,,,,,,,,,,,,,,,,,,,,,,,,,,,,,,,,,,,,,,,,,,,,,,,,,,,,,,,,,,,,,,,,,,,,,,,,
177.0,178.0,178.0,178.0,179.0,179.0,178.0,178.0,178.0,178.0,178.0,178.0,178.0,178.0,178.0,178.0,178.0,178.0,178.0,178.0,178.0,178.0,178.0,178.0,178.0,178.0,178.0,178.0,178.0,178.0,178.0,178.0,,,,,,,,,,,,,,,,,,,,,,,,,,,,,,,,,,,,,,,,,,,,,,,,,,,,,,,,,,,,,,,,,,,,,,,,,,,,,,,,,,,,,,,,,,,,,,,,,,,,,,,,,,,,,,,,,,,,,,,,,,,,,,,,,,,,,,,,,,,,,,,,,,,,,,,,,,,,,,,,,,,,,,,,,,,,,,,,,,,,,,,,,,,,,,,,,,,,,,,,,,,,,,,,,,,,,,,,,,,,,,,,,,,,,,,,,,,,,,,,,,,,,,,,,,,,,,,,,,,,,,,,,,,,
166.0,165.0,166.0,165.0,165.0,162.0,163.0,163.0,162.0,161.0,161.0,162.0,162.0,161.0,163.0,163.0,164.0,164.0,163.0,163.0,163.0,163.0,163.0,163.0,163.0,162.0,161.0,160.0,160.0,161.0,162.0,162.0,162.0,162.0,161.0,162.0,162.0,162.0,162.0,162.0,162.0,,,,,,,,,,,,,,,,,,,,,,,,,,,,,,,,,,,,,,,,,,,,,,,,,,,,,,,,,,,,,,,,,,,,,,,,,,,,,,,,,,,,,,,,,,,,,,,,,,,,,,,,,,,,,,,,,,,,,,,,,,,,,,,,,,,,,,,,,,,,,,,,,,,,,,,,,,,,,,,,,,,,,,,,,,,,,,,,,,,,,,,,,,,,,,,,,,,,,,,,,,,,,,,,,,,,,,,,,,,,,,,,,,,,,,,,,,,,,,,,,,,,,,,,,,,,,,,,,,,
178.0,178.0,178.0,178.0,178.0,177.0,176.0,176.0,176.0,175.0,175.0,174.0,174.0,174.0,174.0,173.0,172.0,173.0,173.0,173.0,173.0,173.0,173.0,173.0,173.0,173.0,173.0,173.0,173.0,173.0,173.0,173.0,173.0,,,,,,,,,,,,,,,,,,,,,,,,,,,,,,,,,,,,,,,,,,,,,,,,,,,,,,,,,,,,,,,,,,,,,,,,,,,,,,,,,,,,,,,,,,,,,,,,,,,,,,,,,,,,,,,,,,,,,,,,,,,,,,,,,,,,,,,,,,,,,,,,,,,,,,,,,,,,,,,,,,,,,,,,,,,,,,,,,,,,,,,,,,,,,,,,,,,,,,,,,,,,,,,,,,,,,,,,,,,,,,,,,,,,,,,,,,,,,,,,,,,,,,,,,,,,,,,,,,,,,,,,,,,
174.0,174.0,173.0,174.0,175.0,175.0,172.0,172.0,172.0,172.0,172.0,172.0,172.0,171.0,171.0,172.0,171.0,170.0,170.0,170.0,170.0,170.0,170.0,170.0,169.0,169.0,168.0,168.0,168.0,168.0,168.0,168.0,169.0,169.0,169.0,170.0,,,,,,,,,,,,,,,,,,,,,,,,,,,,,,,,,,,,,,,,,,,,,,,,,,,,,,,,,,,,,,,,,,,,,,,,,,,,,,,,,,,,,,,,,,,,,,,,,,,,,,,,,,,,,,,,,,,,,,,,,,,,,,,,,,,,,,,,,,,,,,,,,,,,,,,,,,,,,,,,,,,,,,,,,,,,,,,,,,,,,,,,,,,,,,,,,,,,,,,,,,,,,,,,,,,,,,,,,,,,,,,,,,,,,,,,,,,,,,,,,,,,,,,,,,,,,,,,,,,,,,,,
173.0,171.0,171.0,170.0,172.0,171.0,170.0,170.0,170.0,169.0,169.0,168.0,167.0,166.0,166.0,166.0,168.0,165.0,164.0,164.0,164.0,164.0,164.0,165.0,165.0,165.0,164.0,164.0,164.0,164.0,165.0,164.0,164.0,164.0,164.0,164.0,164.0,,,,,,,,,,,,,,,,,,,,,,,,,,,,,,,,,,,,,,,,,,,,,,,,,,,,,,,,,,,,,,,,,,,,,,,,,,,,,,,,,,,,,,,,,,,,,,,,,,,,,,,,,,,,,,,,,,,,,,,,,,,,,,,,,,,,,,,,,,,,,,,,,,,,,,,,,,,,,,,,,,,,,,,,,,,,,,,,,,,,,,,,,,,,,,,,,,,,,,,,,,,,,,,,,,,,,,,,,,,,,,,,,,,,,,,,,,,,,,,,,,,,,,,,,,,,,,,,,,,,,,,
173.0,172.0,172.0,172.0,171.0,171.0,171.0,169.0,169.0,169.0,167.0,167.0,167.0,167.0,166.0,165.0,163.0,163.0,163.0,163.0,163.0,163.0,163.0,162.0,162.0,162.0,162.0,162.0,162.0,162.0,162.0,162.0,162.0,162.0,162.0,162.0,161.0,161.0,161.0,161.0,,,,,,,,,,,,,,,,,,,,,,,,,,,,,,,,,,,,,,,,,,,,,,,,,,,,,,,,,,,,,,,,,,,,,,,,,,,,,,,,,,,,,,,,,,,,,,,,,,,,,,,,,,,,,,,,,,,,,,,,,,,,,,,,,,,,,,,,,,,,,,,,,,,,,,,,,,,,,,,,,,,,,,,,,,,,,,,,,,,,,,,,,,,,,,,,,,,,,,,,,,,,,,,,,,,,,,,,,,,,,,,,,,,,,,,,,,,,,,,,,,,,,,,,,,,,,,,,,,,,
180.0,180.0,180.0,180.0,180.0,180.0,180.0,180.0,180.0,180.0,180.0,180.0,180.0,180.0,180.0,180.0,180.0,179.0,179.0,179.0,179.0,179.0,178.0,178.0,178.0,178.0,178.0,178.0,178.0,178.0,178.0,178.0,178.0,178.0,178.0,,,,,,,,,,,,,,,,,,,,,,,,,,,,,,,,,,,,,,,,,,,,,,,,,,,,,,,,,,,,,,,,,,,,,,,,,,,,,,,,,,,,,,,,,,,,,,,,,,,,,,,,,,,,,,,,,,,,,,,,,,,,,,,,,,,,,,,,,,,,,,,,,,,,,,,,,,,,,,,,,,,,,,,,,,,,,,,,,,,,,,,,,,,,,,,,,,,,,,,,,,,,,,,,,,,,,,,,,,,,,,,,,,,,,,,,,,,,,,,,,,,,,,,,,,,,,,,,,,,,,,,,,
173.0,173.0,173.0,174.0,174.0,174.0,175.0,175.0,175.0,175.0,175.0,175.0,175.0,175.0,175.0,175.0,175.0,175.0,175.0,175.0,175.0,175.0,175.0,175.0,175.0,175.0,175.0,175.0,175.0,175.0,175.0,175.0,175.0,175.0,175.0,175.0,175.0,175.0,175.0,175.0,175.0,175.0,174.0,174.0,174.0,174.0,174.0,174.0,174.0,174.0,,,,,,,,,,,,,,,,,,,,,,,,,,,,,,,,,,,,,,,,,,,,,,,,,,,,,,,,,,,,,,,,,,,,,,,,,,,,,,,,,,,,,,,,,,,,,,,,,,,,,,,,,,,,,,,,,,,,,,,,,,,,,,,,,,,,,,,,,,,,,,,,,,,,,,,,,,,,,,,,,,,,,,,,,,,,,,,,,,,,,,,,,,,,,,,,,,,,,,,,,,,,,,,,,,,,,,,,,,,,,,,,,,,,,,,,,,,,,,,,,,,,,,,,,,
177.0,178.0,178.0,177.0,176.0,176.0,176.0,176.0,177.0,177.0,177.0,177.0,177.0,177.0,177.0,179.0,179.0,179.0,179.0,179.0,179.0,178.0,178.0,178.0,178.0,178.0,178.0,178.0,178.0,178.0,178.0,178.0,178.0,178.0,178.0,178.0,178.0,178.0,178.0,,,,,,,,,,,,,,,,,,,,,,,,,,,,,,,,,,,,,,,,,,,,,,,,,,,,,,,,,,,,,,,,,,,,,,,,,,,,,,,,,,,,,,,,,,,,,,,,,,,,,,,,,,,,,,,,,,,,,,,,,,,,,,,,,,,,,,,,,,,,,,,,,,,,,,,,,,,,,,,,,,,,,,,,,,,,,,,,,,,,,,,,,,,,,,,,,,,,,,,,,,,,,,,,,,,,,,,,,,,,,,,,,,,,,,,,,,,,,,,,,,,,,,,,,,,,,,,,,,,,,
180.0,180.0,180.0,180.0,180.0,180.0,180.0,180.0,180.0,180.0,180.0,180.0,180.0,180.0,180.0,179.0,179.0,179.0,179.0,179.0,179.0,179.0,179.0,179.0,179.0,179.0,179.0,179.0,179.0,179.0,179.0,179.0,179.0,179.0,,,,,,,,,,,,,,,,,,,,,,,,,,,,,,,,,,,,,,,,,,,,,,,,,,,,,,,,,,,,,,,,,,,,,,,,,,,,,,,,,,,,,,,,,,,,,,,,,,,,,,,,,,,,,,,,,,,,,,,,,,,,,,,,,,,,,,,,,,,,,,,,,,,,,,,,,,,,,,,,,,,,,,,,,,,,,,,,,,,,,,,,,,,,,,,,,,,,,,,,,,,,,,,,,,,,,,,,,,,,,,,,,,,,,,,,,,,,,,,,,,,,,,,,,,,,,,,,,,,,,,,,,,
179.0,179.0,179.0,179.0,179.0,179.0,179.0,179.0,179.0,179.0,179.0,179.0,179.0,179.0,180.0,180.0,180.0,180.0,180.0,180.0,180.0,180.0,180.0,180.0,180.0,180.0,180.0,180.0,180.0,180.0,180.0,179.0,179.0,179.0,,,,,,,,,,,,,,,,,,,,,,,,,,,,,,,,,,,,,,,,,,,,,,,,,,,,,,,,,,,,,,,,,,,,,,,,,,,,,,,,,,,,,,,,,,,,,,,,,,,,,,,,,,,,,,,,,,,,,,,,,,,,,,,,,,,,,,,,,,,,,,,,,,,,,,,,,,,,,,,,,,,,,,,,,,,,,,,,,,,,,,,,,,,,,,,,,,,,,,,,,,,,,,,,,,,,,,,,,,,,,,,,,,,,,,,,,,,,,,,,,,,,,,,,,,,,,,,,,,,,,,,,,,
180.0,180.0,180.0,180.0,180.0,180.0,180.0,180.0,180.0,180.0,180.0,180.0,180.0,180.0,180.0,180.0,180.0,180.0,180.0,180.0,180.0,180.0,180.0,180.0,180.0,180.0,180.0,180.0,180.0,180.0,180.0,180.0,180.0,180.0,180.0,180.0,180.0,180.0,180.0,180.0,180.0,180.0,,,,,,,,,,,,,,,,,,,,,,,,,,,,,,,,,,,,,,,,,,,,,,,,,,,,,,,,,,,,,,,,,,,,,,,,,,,,,,,,,,,,,,,,,,,,,,,,,,,,,,,,,,,,,,,,,,,,,,,,,,,,,,,,,,,,,,,,,,,,,,,,,,,,,,,,,,,,,,,,,,,,,,,,,,,,,,,,,,,,,,,,,,,,,,,,,,,,,,,,,,,,,,,,,,,,,,,,,,,,,,,,,,,,,,,,,,,,,,,,,,,,,,,,,,,,,,,,,,
177.0,177.0,178.0,178.0,178.0,178.0,178.0,178.0,178.0,178.0,178.0,178.0,178.0,178.0,178.0,178.0,178.0,178.0,179.0,179.0,179.0,179.0,179.0,179.0,179.0,179.0,179.0,179.0,179.0,179.0,180.0,180.0,180.0,180.0,180.0,,,,,,,,,,,,,,,,,,,,,,,,,,,,,,,,,,,,,,,,,,,,,,,,,,,,,,,,,,,,,,,,,,,,,,,,,,,,,,,,,,,,,,,,,,,,,,,,,,,,,,,,,,,,,,,,,,,,,,,,,,,,,,,,,,,,,,,,,,,,,,,,,,,,,,,,,,,,,,,,,,,,,,,,,,,,,,,,,,,,,,,,,,,,,,,,,,,,,,,,,,,,,,,,,,,,,,,,,,,,,,,,,,,,,,,,,,,,,,,,,,,,,,,,,,,,,,,,,,,,,,,,,
171.0,171.0,171.0,171.0,171.0,172.0,172.0,172.0,172.0,172.0,172.0,172.0,173.0,173.0,173.0,173.0,173.0,173.0,173.0,173.0,172.0,172.0,172.0,172.0,172.0,171.0,171.0,171.0,171.0,171.0,171.0,171.0,171.0,171.0,172.0,172.0,171.0,171.0,171.0,,,,,,,,,,,,,,,,,,,,,,,,,,,,,,,,,,,,,,,,,,,,,,,,,,,,,,,,,,,,,,,,,,,,,,,,,,,,,,,,,,,,,,,,,,,,,,,,,,,,,,,,,,,,,,,,,,,,,,,,,,,,,,,,,,,,,,,,,,,,,,,,,,,,,,,,,,,,,,,,,,,,,,,,,,,,,,,,,,,,,,,,,,,,,,,,,,,,,,,,,,,,,,,,,,,,,,,,,,,,,,,,,,,,,,,,,,,,,,,,,,,,,,,,,,,,,,,,,,,,,
179.0,179.0,179.0,179.0,179.0,179.0,179.0,179.0,179.0,179.0,179.0,179.0,179.0,179.0,179.0,179.0,180.0,180.0,180.0,180.0,180.0,180.0,180.0,180.0,180.0,180.0,180.0,180.0,180.0,180.0,180.0,180.0,180.0,180.0,180.0,,,,,,,,,,,,,,,,,,,,,,,,,,,,,,,,,,,,,,,,,,,,,,,,,,,,,,,,,,,,,,,,,,,,,,,,,,,,,,,,,,,,,,,,,,,,,,,,,,,,,,,,,,,,,,,,,,,,,,,,,,,,,,,,,,,,,,,,,,,,,,,,,,,,,,,,,,,,,,,,,,,,,,,,,,,,,,,,,,,,,,,,,,,,,,,,,,,,,,,,,,,,,,,,,,,,,,,,,,,,,,,,,,,,,,,,,,,,,,,,,,,,,,,,,,,,,,,,,,,,,,,,,
178.0,178.0,178.0,178.0,178.0,178.0,178.0,178.0,178.0,178.0,178.0,178.0,178.0,178.0,178.0,178.0,178.0,178.0,178.0,178.0,178.0,178.0,178.0,178.0,177.0,177.0,177.0,177.0,177.0,177.0,177.0,177.0,178.0,,,,,,,,,,,,,,,,,,,,,,,,,,,,,,,,,,,,,,,,,,,,,,,,,,,,,,,,,,,,,,,,,,,,,,,,,,,,,,,,,,,,,,,,,,,,,,,,,,,,,,,,,,,,,,,,,,,,,,,,,,,,,,,,,,,,,,,,,,,,,,,,,,,,,,,,,,,,,,,,,,,,,,,,,,,,,,,,,,,,,,,,,,,,,,,,,,,,,,,,,,,,,,,,,,,,,,,,,,,,,,,,,,,,,,,,,,,,,,,,,,,,,,,,,,,,,,,,,,,,,,,,,,,
176.0,176.0,176.0,176.0,176.0,176.0,177.0,177.0,177.0,177.0,178.0,178.0,178.0,178.0,178.0,178.0,178.0,177.0,177.0,177.0,177.0,175.0,175.0,176.0,176.0,176.0,177.0,178.0,178.0,178.0,178.0,178.0,,,,,,,,,,,,,,,,,,,,,,,,,,,,,,,,,,,,,,,,,,,,,,,,,,,,,,,,,,,,,,,,,,,,,,,,,,,,,,,,,,,,,,,,,,,,,,,,,,,,,,,,,,,,,,,,,,,,,,,,,,,,,,,,,,,,,,,,,,,,,,,,,,,,,,,,,,,,,,,,,,,,,,,,,,,,,,,,,,,,,,,,,,,,,,,,,,,,,,,,,,,,,,,,,,,,,,,,,,,,,,,,,,,,,,,,,,,,,,,,,,,,,,,,,,,,,,,,,,,,,,,,,,,,
174.0,175.0,175.0,175.0,176.0,176.0,175.0,176.0,176.0,176.0,176.0,176.0,178.0,178.0,179.0,180.0,180.0,179.0,179.0,179.0,179.0,179.0,179.0,179.0,179.0,179.0,179.0,179.0,179.0,179.0,179.0,179.0,179.0,179.0,179.0,179.0,179.0,179.0,179.0,179.0,,,,,,,,,,,,,,,,,,,,,,,,,,,,,,,,,,,,,,,,,,,,,,,,,,,,,,,,,,,,,,,,,,,,,,,,,,,,,,,,,,,,,,,,,,,,,,,,,,,,,,,,,,,,,,,,,,,,,,,,,,,,,,,,,,,,,,,,,,,,,,,,,,,,,,,,,,,,,,,,,,,,,,,,,,,,,,,,,,,,,,,,,,,,,,,,,,,,,,,,,,,,,,,,,,,,,,,,,,,,,,,,,,,,,,,,,,,,,,,,,,,,,,,,,,,,,,,,,,,,
176.0,176.0,176.0,176.0,177.0,177.0,178.0,178.0,178.0,178.0,179.0,179.0,177.0,177.0,177.0,177.0,177.0,177.0,177.0,177.0,177.0,177.0,177.0,177.0,177.0,177.0,177.0,176.0,176.0,176.0,176.0,176.0,176.0,176.0,176.0,177.0,177.0,177.0,,,,,,,,,,,,,,,,,,,,,,,,,,,,,,,,,,,,,,,,,,,,,,,,,,,,,,,,,,,,,,,,,,,,,,,,,,,,,,,,,,,,,,,,,,,,,,,,,,,,,,,,,,,,,,,,,,,,,,,,,,,,,,,,,,,,,,,,,,,,,,,,,,,,,,,,,,,,,,,,,,,,,,,,,,,,,,,,,,,,,,,,,,,,,,,,,,,,,,,,,,,,,,,,,,,,,,,,,,,,,,,,,,,,,,,,,,,,,,,,,,,,,,,,,,,,,,,,,,,,,,
170.0,170.0,170.0,170.0,170.0,170.0,170.0,170.0,170.0,169.0,169.0,169.0,168.0,168.0,168.0,168.0,168.0,168.0,168.0,168.0,166.0,165.0,164.0,164.0,164.0,164.0,164.0,164.0,164.0,165.0,165.0,165.0,165.0,165.0,165.0,165.0,165.0,165.0,165.0,164.0,164.0,164.0,163.0,163.0,163.0,163.0,163.0,163.0,,,,,,,,,,,,,,,,,,,,,,,,,,,,,,,,,,,,,,,,,,,,,,,,,,,,,,,,,,,,,,,,,,,,,,,,,,,,,,,,,,,,,,,,,,,,,,,,,,,,,,,,,,,,,,,,,,,,,,,,,,,,,,,,,,,,,,,,,,,,,,,,,,,,,,,,,,,,,,,,,,,,,,,,,,,,,,,,,,,,,,,,,,,,,,,,,,,,,,,,,,,,,,,,,,,,,,,,,,,,,,,,,,,,,,,,,,,,,,,,,,,,,,,,,,,,
179.0,179.0,180.0,180.0,179.0,179.0,179.0,179.0,179.0,179.0,179.0,179.0,179.0,179.0,179.0,179.0,178.0,178.0,178.0,178.0,178.0,178.0,177.0,177.0,177.0,177.0,177.0,177.0,177.0,177.0,176.0,176.0,177.0,177.0,177.0,177.0,177.0,177.0,177.0,177.0,177.0,177.0,177.0,177.0,177.0,177.0,177.0,177.0,177.0,177.0,177.0,177.0,,,,,,,,,,,,,,,,,,,,,,,,,,,,,,,,,,,,,,,,,,,,,,,,,,,,,,,,,,,,,,,,,,,,,,,,,,,,,,,,,,,,,,,,,,,,,,,,,,,,,,,,,,,,,,,,,,,,,,,,,,,,,,,,,,,,,,,,,,,,,,,,,,,,,,,,,,,,,,,,,,,,,,,,,,,,,,,,,,,,,,,,,,,,,,,,,,,,,,,,,,,,,,,,,,,,,,,,,,,,,,,,,,,,,,,,,,,,,,,,,,,,,,,,
173.0,173.0,174.0,174.0,174.0,173.0,173.0,173.0,173.0,173.0,174.0,174.0,173.0,173.0,174.0,174.0,174.0,174.0,174.0,175.0,175.0,175.0,175.0,175.0,175.0,174.0,174.0,174.0,174.0,173.0,173.0,173.0,173.0,173.0,173.0,173.0,172.0,171.0,171.0,171.0,171.0,171.0,171.0,171.0,171.0,,,,,,,,,,,,,,,,,,,,,,,,,,,,,,,,,,,,,,,,,,,,,,,,,,,,,,,,,,,,,,,,,,,,,,,,,,,,,,,,,,,,,,,,,,,,,,,,,,,,,,,,,,,,,,,,,,,,,,,,,,,,,,,,,,,,,,,,,,,,,,,,,,,,,,,,,,,,,,,,,,,,,,,,,,,,,,,,,,,,,,,,,,,,,,,,,,,,,,,,,,,,,,,,,,,,,,,,,,,,,,,,,,,,,,,,,,,,,,,,,,,,,,,,,,,,,,,
180.0,180.0,180.0,180.0,180.0,180.0,180.0,180.0,180.0,180.0,180.0,180.0,180.0,180.0,180.0,180.0,179.0,179.0,179.0,179.0,179.0,179.0,179.0,179.0,180.0,180.0,180.0,180.0,180.0,180.0,180.0,179.0,179.0,179.0,179.0,179.0,179.0,179.0,,,,,,,,,,,,,,,,,,,,,,,,,,,,,,,,,,,,,,,,,,,,,,,,,,,,,,,,,,,,,,,,,,,,,,,,,,,,,,,,,,,,,,,,,,,,,,,,,,,,,,,,,,,,,,,,,,,,,,,,,,,,,,,,,,,,,,,,,,,,,,,,,,,,,,,,,,,,,,,,,,,,,,,,,,,,,,,,,,,,,,,,,,,,,,,,,,,,,,,,,,,,,,,,,,,,,,,,,,,,,,,,,,,,,,,,,,,,,,,,,,,,,,,,,,,,,,,,,,,,,,
178.0,177.0,177.0,177.0,177.0,178.0,179.0,179.0,179.0,179.0,179.0,179.0,179.0,179.0,179.0,179.0,179.0,179.0,179.0,179.0,178.0,178.0,178.0,178.0,178.0,178.0,178.0,178.0,178.0,179.0,179.0,179.0,179.0,178.0,178.0,178.0,178.0,,,,,,,,,,,,,,,,,,,,,,,,,,,,,,,,,,,,,,,,,,,,,,,,,,,,,,,,,,,,,,,,,,,,,,,,,,,,,,,,,,,,,,,,,,,,,,,,,,,,,,,,,,,,,,,,,,,,,,,,,,,,,,,,,,,,,,,,,,,,,,,,,,,,,,,,,,,,,,,,,,,,,,,,,,,,,,,,,,,,,,,,,,,,,,,,,,,,,,,,,,,,,,,,,,,,,,,,,,,,,,,,,,,,,,,,,,,,,,,,,,,,,,,,,,,,,,,,,,,,,,,
179.0,179.0,179.0,178.0,178.0,178.0,178.0,178.0,178.0,178.0,178.0,178.0,178.0,179.0,179.0,179.0,179.0,179.0,180.0,180.0,180.0,180.0,180.0,180.0,180.0,180.0,180.0,180.0,180.0,180.0,180.0,180.0,179.0,179.0,179.0,178.0,178.0,178.0,177.0,176.0,176.0,176.0,176.0,176.0,176.0,175.0,175.0,175.0,175.0,173.0,173.0,,,,,,,,,,,,,,,,,,,,,,,,,,,,,,,,,,,,,,,,,,,,,,,,,,,,,,,,,,,,,,,,,,,,,,,,,,,,,,,,,,,,,,,,,,,,,,,,,,,,,,,,,,,,,,,,,,,,,,,,,,,,,,,,,,,,,,,,,,,,,,,,,,,,,,,,,,,,,,,,,,,,,,,,,,,,,,,,,,,,,,,,,,,,,,,,,,,,,,,,,,,,,,,,,,,,,,,,,,,,,,,,,,,,,,,,,,,,,,,,,,,,,,,,,
176.0,176.0,176.0,177.0,176.0,177.0,177.0,177.0,177.0,177.0,177.0,177.0,177.0,177.0,177.0,177.0,177.0,177.0,177.0,177.0,177.0,177.0,177.0,177.0,177.0,177.0,178.0,178.0,178.0,178.0,178.0,178.0,178.0,178.0,178.0,,,,,,,,,,,,,,,,,,,,,,,,,,,,,,,,,,,,,,,,,,,,,,,,,,,,,,,,,,,,,,,,,,,,,,,,,,,,,,,,,,,,,,,,,,,,,,,,,,,,,,,,,,,,,,,,,,,,,,,,,,,,,,,,,,,,,,,,,,,,,,,,,,,,,,,,,,,,,,,,,,,,,,,,,,,,,,,,,,,,,,,,,,,,,,,,,,,,,,,,,,,,,,,,,,,,,,,,,,,,,,,,,,,,,,,,,,,,,,,,,,,,,,,,,,,,,,,,,,,,,,,,,
178.0,177.0,176.0,176.0,176.0,176.0,176.0,176.0,176.0,175.0,175.0,176.0,176.0,175.0,175.0,175.0,175.0,175.0,173.0,173.0,173.0,173.0,173.0,172.0,172.0,172.0,172.0,170.0,170.0,170.0,170.0,170.0,170.0,169.0,169.0,169.0,169.0,169.0,169.0,169.0,169.0,169.0,,,,,,,,,,,,,,,,,,,,,,,,,,,,,,,,,,,,,,,,,,,,,,,,,,,,,,,,,,,,,,,,,,,,,,,,,,,,,,,,,,,,,,,,,,,,,,,,,,,,,,,,,,,,,,,,,,,,,,,,,,,,,,,,,,,,,,,,,,,,,,,,,,,,,,,,,,,,,,,,,,,,,,,,,,,,,,,,,,,,,,,,,,,,,,,,,,,,,,,,,,,,,,,,,,,,,,,,,,,,,,,,,,,,,,,,,,,,,,,,,,,,,,,,,,,,,,,,,,
180.0,180.0,180.0,180.0,180.0,180.0,180.0,180.0,180.0,180.0,180.0,180.0,180.0,180.0,180.0,180.0,180.0,180.0,180.0,180.0,180.0,180.0,180.0,180.0,180.0,180.0,180.0,179.0,179.0,179.0,179.0,179.0,179.0,179.0,179.0,179.0,179.0,179.0,179.0,178.0,178.0,178.0,178.0,178.0,178.0,178.0,178.0,178.0,,,,,,,,,,,,,,,,,,,,,,,,,,,,,,,,,,,,,,,,,,,,,,,,,,,,,,,,,,,,,,,,,,,,,,,,,,,,,,,,,,,,,,,,,,,,,,,,,,,,,,,,,,,,,,,,,,,,,,,,,,,,,,,,,,,,,,,,,,,,,,,,,,,,,,,,,,,,,,,,,,,,,,,,,,,,,,,,,,,,,,,,,,,,,,,,,,,,,,,,,,,,,,,,,,,,,,,,,,,,,,,,,,,,,,,,,,,,,,,,,,,,,,,,,,,,
172.0,172.0,172.0,171.0,171.0,171.0,170.0,170.0,170.0,170.0,170.0,170.0,170.0,170.0,170.0,169.0,169.0,169.0,169.0,169.0,169.0,169.0,169.0,169.0,169.0,169.0,169.0,168.0,168.0,168.0,168.0,168.0,168.0,168.0,169.0,169.0,169.0,169.0,169.0,169.0,,,,,,,,,,,,,,,,,,,,,,,,,,,,,,,,,,,,,,,,,,,,,,,,,,,,,,,,,,,,,,,,,,,,,,,,,,,,,,,,,,,,,,,,,,,,,,,,,,,,,,,,,,,,,,,,,,,,,,,,,,,,,,,,,,,,,,,,,,,,,,,,,,,,,,,,,,,,,,,,,,,,,,,,,,,,,,,,,,,,,,,,,,,,,,,,,,,,,,,,,,,,,,,,,,,,,,,,,,,,,,,,,,,,,,,,,,,,,,,,,,,,,,,,,,,,,,,,,,,,
180.0,180.0,180.0,180.0,180.0,180.0,180.0,180.0,180.0,180.0,180.0,180.0,180.0,180.0,180.0,180.0,180.0,180.0,180.0,180.0,180.0,180.0,180.0,180.0,180.0,180.0,180.0,180.0,179.0,179.0,179.0,179.0,179.0,180.0,180.0,180.0,180.0,180.0,180.0,180.0,180.0,180.0,,,,,,,,,,,,,,,,,,,,,,,,,,,,,,,,,,,,,,,,,,,,,,,,,,,,,,,,,,,,,,,,,,,,,,,,,,,,,,,,,,,,,,,,,,,,,,,,,,,,,,,,,,,,,,,,,,,,,,,,,,,,,,,,,,,,,,,,,,,,,,,,,,,,,,,,,,,,,,,,,,,,,,,,,,,,,,,,,,,,,,,,,,,,,,,,,,,,,,,,,,,,,,,,,,,,,,,,,,,,,,,,,,,,,,,,,,,,,,,,,,,,,,,,,,,,,,,,,,
178.0,178.0,178.0,178.0,178.0,178.0,178.0,177.0,177.0,177.0,177.0,177.0,177.0,177.0,177.0,177.0,176.0,176.0,176.0,176.0,177.0,177.0,177.0,177.0,177.0,177.0,177.0,177.0,176.0,176.0,176.0,175.0,,,,,,,,,,,,,,,,,,,,,,,,,,,,,,,,,,,,,,,,,,,,,,,,,,,,,,,,,,,,,,,,,,,,,,,,,,,,,,,,,,,,,,,,,,,,,,,,,,,,,,,,,,,,,,,,,,,,,,,,,,,,,,,,,,,,,,,,,,,,,,,,,,,,,,,,,,,,,,,,,,,,,,,,,,,,,,,,,,,,,,,,,,,,,,,,,,,,,,,,,,,,,,,,,,,,,,,,,,,,,,,,,,,,,,,,,,,,,,,,,,,,,,,,,,,,,,,,,,,,,,,,,,,,
171.0,172.0,172.0,172.0,172.0,172.0,172.0,173.0,174.0,174.0,174.0,174.0,174.0,174.0,174.0,174.0,174.0,174.0,174.0,174.0,174.0,174.0,174.0,174.0,174.0,174.0,174.0,174.0,174.0,175.0,175.0,175.0,175.0,175.0,174.0,175.0,175.0,175.0,176.0,176.0,,,,,,,,,,,,,,,,,,,,,,,,,,,,,,,,,,,,,,,,,,,,,,,,,,,,,,,,,,,,,,,,,,,,,,,,,,,,,,,,,,,,,,,,,,,,,,,,,,,,,,,,,,,,,,,,,,,,,,,,,,,,,,,,,,,,,,,,,,,,,,,,,,,,,,,,,,,,,,,,,,,,,,,,,,,,,,,,,,,,,,,,,,,,,,,,,,,,,,,,,,,,,,,,,,,,,,,,,,,,,,,,,,,,,,,,,,,,,,,,,,,,,,,,,,,,,,,,,,,,
180.0,180.0,180.0,180.0,180.0,180.0,180.0,180.0,180.0,180.0,180.0,180.0,180.0,180.0,180.0,180.0,180.0,179.0,179.0,179.0,179.0,179.0,179.0,179.0,179.0,179.0,179.0,179.0,179.0,178.0,178.0,178.0,178.0,178.0,178.0,178.0,178.0,179.0,179.0,,,,,,,,,,,,,,,,,,,,,,,,,,,,,,,,,,,,,,,,,,,,,,,,,,,,,,,,,,,,,,,,,,,,,,,,,,,,,,,,,,,,,,,,,,,,,,,,,,,,,,,,,,,,,,,,,,,,,,,,,,,,,,,,,,,,,,,,,,,,,,,,,,,,,,,,,,,,,,,,,,,,,,,,,,,,,,,,,,,,,,,,,,,,,,,,,,,,,,,,,,,,,,,,,,,,,,,,,,,,,,,,,,,,,,,,,,,,,,,,,,,,,,,,,,,,,,,,,,,,,
179.0,179.0,179.0,180.0,180.0,180.0,180.0,180.0,180.0,180.0,179.0,178.0,178.0,178.0,178.0,178.0,178.0,178.0,178.0,178.0,178.0,176.0,176.0,176.0,177.0,177.0,177.0,177.0,177.0,177.0,178.0,178.0,177.0,177.0,177.0,177.0,178.0,178.0,,,,,,,,,,,,,,,,,,,,,,,,,,,,,,,,,,,,,,,,,,,,,,,,,,,,,,,,,,,,,,,,,,,,,,,,,,,,,,,,,,,,,,,,,,,,,,,,,,,,,,,,,,,,,,,,,,,,,,,,,,,,,,,,,,,,,,,,,,,,,,,,,,,,,,,,,,,,,,,,,,,,,,,,,,,,,,,,,,,,,,,,,,,,,,,,,,,,,,,,,,,,,,,,,,,,,,,,,,,,,,,,,,,,,,,,,,,,,,,,,,,,,,,,,,,,,,,,,,,,,,
179.0,179.0,179.0,179.0,179.0,179.0,179.0,179.0,179.0,179.0,179.0,179.0,178.0,179.0,179.0,179.0,179.0,179.0,179.0,179.0,179.0,179.0,179.0,179.0,179.0,179.0,179.0,179.0,179.0,179.0,179.0,179.0,179.0,179.0,179.0,179.0,,,,,,,,,,,,,,,,,,,,,,,,,,,,,,,,,,,,,,,,,,,,,,,,,,,,,,,,,,,,,,,,,,,,,,,,,,,,,,,,,,,,,,,,,,,,,,,,,,,,,,,,,,,,,,,,,,,,,,,,,,,,,,,,,,,,,,,,,,,,,,,,,,,,,,,,,,,,,,,,,,,,,,,,,,,,,,,,,,,,,,,,,,,,,,,,,,,,,,,,,,,,,,,,,,,,,,,,,,,,,,,,,,,,,,,,,,,,,,,,,,,,,,,,,,,,,,,,,,,,,,,,
179.0,179.0,179.0,179.0,179.0,179.0,179.0,179.0,179.0,179.0,179.0,179.0,179.0,180.0,180.0,179.0,179.0,179.0,179.0,179.0,179.0,179.0,179.0,179.0,179.0,179.0,179.0,177.0,177.0,177.0,177.0,176.0,175.0,175.0,175.0,175.0,175.0,175.0,174.0,174.0,,,,,,,,,,,,,,,,,,,,,,,,,,,,,,,,,,,,,,,,,,,,,,,,,,,,,,,,,,,,,,,,,,,,,,,,,,,,,,,,,,,,,,,,,,,,,,,,,,,,,,,,,,,,,,,,,,,,,,,,,,,,,,,,,,,,,,,,,,,,,,,,,,,,,,,,,,,,,,,,,,,,,,,,,,,,,,,,,,,,,,,,,,,,,,,,,,,,,,,,,,,,,,,,,,,,,,,,,,,,,,,,,,,,,,,,,,,,,,,,,,,,,,,,,,,,,,,,,,,,
180.0,180.0,180.0,180.0,180.0,180.0,180.0,180.0,180.0,180.0,180.0,180.0,180.0,180.0,180.0,180.0,180.0,180.0,180.0,180.0,180.0,180.0,180.0,180.0,180.0,180.0,180.0,180.0,180.0,180.0,180.0,180.0,180.0,180.0,180.0,180.0,180.0,180.0,180.0,180.0,180.0,180.0,180.0,180.0,,,,,,,,,,,,,,,,,,,,,,,,,,,,,,,,,,,,,,,,,,,,,,,,,,,,,,,,,,,,,,,,,,,,,,,,,,,,,,,,,,,,,,,,,,,,,,,,,,,,,,,,,,,,,,,,,,,,,,,,,,,,,,,,,,,,,,,,,,,,,,,,,,,,,,,,,,,,,,,,,,,,,,,,,,,,,,,,,,,,,,,,,,,,,,,,,,,,,,,,,,,,,,,,,,,,,,,,,,,,,,,,,,,,,,,,,,,,,,,,,,,,,,,,,,,,,,,,
178.0,178.0,178.0,178.0,179.0,179.0,179.0,178.0,178.0,178.0,177.0,177.0,177.0,177.0,177.0,177.0,177.0,177.0,176.0,176.0,176.0,176.0,175.0,175.0,175.0,175.0,175.0,175.0,175.0,175.0,175.0,175.0,175.0,175.0,175.0,175.0,175.0,,,,,,,,,,,,,,,,,,,,,,,,,,,,,,,,,,,,,,,,,,,,,,,,,,,,,,,,,,,,,,,,,,,,,,,,,,,,,,,,,,,,,,,,,,,,,,,,,,,,,,,,,,,,,,,,,,,,,,,,,,,,,,,,,,,,,,,,,,,,,,,,,,,,,,,,,,,,,,,,,,,,,,,,,,,,,,,,,,,,,,,,,,,,,,,,,,,,,,,,,,,,,,,,,,,,,,,,,,,,,,,,,,,,,,,,,,,,,,,,,,,,,,,,,,,,,,,,,,,,,,,
180.0,180.0,180.0,180.0,180.0,180.0,180.0,180.0,180.0,180.0,180.0,180.0,180.0,180.0,180.0,180.0,180.0,180.0,180.0,180.0,180.0,180.0,180.0,180.0,180.0,180.0,180.0,180.0,180.0,179.0,179.0,179.0,180.0,180.0,180.0,180.0,180.0,180.0,180.0,180.0,,,,,,,,,,,,,,,,,,,,,,,,,,,,,,,,,,,,,,,,,,,,,,,,,,,,,,,,,,,,,,,,,,,,,,,,,,,,,,,,,,,,,,,,,,,,,,,,,,,,,,,,,,,,,,,,,,,,,,,,,,,,,,,,,,,,,,,,,,,,,,,,,,,,,,,,,,,,,,,,,,,,,,,,,,,,,,,,,,,,,,,,,,,,,,,,,,,,,,,,,,,,,,,,,,,,,,,,,,,,,,,,,,,,,,,,,,,,,,,,,,,,,,,,,,,,,,,,,,,,
180.0,180.0,180.0,179.0,179.0,179.0,179.0,179.0,179.0,179.0,179.0,179.0,179.0,179.0,179.0,179.0,179.0,179.0,179.0,179.0,179.0,179.0,178.0,178.0,178.0,178.0,178.0,178.0,178.0,179.0,179.0,179.0,179.0,179.0,179.0,179.0,179.0,179.0,179.0,179.0,179.0,,,,,,,,,,,,,,,,,,,,,,,,,,,,,,,,,,,,,,,,,,,,,,,,,,,,,,,,,,,,,,,,,,,,,,,,,,,,,,,,,,,,,,,,,,,,,,,,,,,,,,,,,,,,,,,,,,,,,,,,,,,,,,,,,,,,,,,,,,,,,,,,,,,,,,,,,,,,,,,,,,,,,,,,,,,,,,,,,,,,,,,,,,,,,,,,,,,,,,,,,,,,,,,,,,,,,,,,,,,,,,,,,,,,,,,,,,,,,,,,,,,,,,,,,,,,,,,,,,,
169.0,169.0,169.0,169.0,169.0,169.0,169.0,170.0,170.0,170.0,171.0,172.0,173.0,174.0,175.0,175.0,175.0,175.0,175.0,175.0,175.0,175.0,175.0,175.0,175.0,175.0,175.0,175.0,175.0,175.0,175.0,175.0,174.0,174.0,172.0,172.0,172.0,172.0,172.0,,,,,,,,,,,,,,,,,,,,,,,,,,,,,,,,,,,,,,,,,,,,,,,,,,,,,,,,,,,,,,,,,,,,,,,,,,,,,,,,,,,,,,,,,,,,,,,,,,,,,,,,,,,,,,,,,,,,,,,,,,,,,,,,,,,,,,,,,,,,,,,,,,,,,,,,,,,,,,,,,,,,,,,,,,,,,,,,,,,,,,,,,,,,,,,,,,,,,,,,,,,,,,,,,,,,,,,,,,,,,,,,,,,,,,,,,,,,,,,,,,,,,,,,,,,,,,,,,,,,,
178.0,178.0,178.0,178.0,178.0,178.0,178.0,178.0,177.0,176.0,176.0,176.0,176.0,176.0,175.0,174.0,173.0,173.0,173.0,172.0,171.0,171.0,171.0,171.0,171.0,171.0,170.0,170.0,170.0,169.0,168.0,167.0,167.0,167.0,167.0,165.0,,,,,,,,,,,,,,,,,,,,,,,,,,,,,,,,,,,,,,,,,,,,,,,,,,,,,,,,,,,,,,,,,,,,,,,,,,,,,,,,,,,,,,,,,,,,,,,,,,,,,,,,,,,,,,,,,,,,,,,,,,,,,,,,,,,,,,,,,,,,,,,,,,,,,,,,,,,,,,,,,,,,,,,,,,,,,,,,,,,,,,,,,,,,,,,,,,,,,,,,,,,,,,,,,,,,,,,,,,,,,,,,,,,,,,,,,,,,,,,,,,,,,,,,,,,,,,,,,,,,,,,,
177.0,178.0,179.0,180.0,180.0,180.0,180.0,180.0,180.0,180.0,180.0,180.0,180.0,180.0,180.0,180.0,180.0,180.0,180.0,180.0,180.0,180.0,180.0,180.0,180.0,180.0,180.0,180.0,180.0,180.0,180.0,180.0,180.0,180.0,180.0,180.0,179.0,179.0,179.0,,,,,,,,,,,,,,,,,,,,,,,,,,,,,,,,,,,,,,,,,,,,,,,,,,,,,,,,,,,,,,,,,,,,,,,,,,,,,,,,,,,,,,,,,,,,,,,,,,,,,,,,,,,,,,,,,,,,,,,,,,,,,,,,,,,,,,,,,,,,,,,,,,,,,,,,,,,,,,,,,,,,,,,,,,,,,,,,,,,,,,,,,,,,,,,,,,,,,,,,,,,,,,,,,,,,,,,,,,,,,,,,,,,,,,,,,,,,,,,,,,,,,,,,,,,,,,,,,,,,,
170.0,170.0,169.0,169.0,169.0,169.0,169.0,169.0,170.0,170.0,170.0,170.0,170.0,171.0,171.0,171.0,171.0,171.0,171.0,171.0,171.0,171.0,171.0,171.0,171.0,171.0,171.0,171.0,171.0,172.0,172.0,172.0,172.0,172.0,171.0,171.0,171.0,171.0,171.0,171.0,171.0,,,,,,,,,,,,,,,,,,,,,,,,,,,,,,,,,,,,,,,,,,,,,,,,,,,,,,,,,,,,,,,,,,,,,,,,,,,,,,,,,,,,,,,,,,,,,,,,,,,,,,,,,,,,,,,,,,,,,,,,,,,,,,,,,,,,,,,,,,,,,,,,,,,,,,,,,,,,,,,,,,,,,,,,,,,,,,,,,,,,,,,,,,,,,,,,,,,,,,,,,,,,,,,,,,,,,,,,,,,,,,,,,,,,,,,,,,,,,,,,,,,,,,,,,,,,,,,,,,,
178.0,179.0,179.0,179.0,179.0,179.0,179.0,179.0,179.0,179.0,179.0,179.0,179.0,179.0,178.0,178.0,178.0,178.0,178.0,178.0,178.0,178.0,178.0,178.0,178.0,178.0,178.0,178.0,178.0,176.0,176.0,176.0,175.0,175.0,174.0,172.0,172.0,172.0,172.0,172.0,171.0,171.0,171.0,171.0,172.0,171.0,171.0,171.0,171.0,,,,,,,,,,,,,,,,,,,,,,,,,,,,,,,,,,,,,,,,,,,,,,,,,,,,,,,,,,,,,,,,,,,,,,,,,,,,,,,,,,,,,,,,,,,,,,,,,,,,,,,,,,,,,,,,,,,,,,,,,,,,,,,,,,,,,,,,,,,,,,,,,,,,,,,,,,,,,,,,,,,,,,,,,,,,,,,,,,,,,,,,,,,,,,,,,,,,,,,,,,,,,,,,,,,,,,,,,,,,,,,,,,,,,,,,,,,,,,,,,,,,,,,,,,,
180.0,180.0,180.0,180.0,180.0,180.0,180.0,180.0,180.0,180.0,180.0,180.0,180.0,180.0,180.0,180.0,180.0,180.0,180.0,180.0,180.0,180.0,180.0,180.0,180.0,180.0,180.0,180.0,180.0,179.0,179.0,179.0,180.0,180.0,,,,,,,,,,,,,,,,,,,,,,,,,,,,,,,,,,,,,,,,,,,,,,,,,,,,,,,,,,,,,,,,,,,,,,,,,,,,,,,,,,,,,,,,,,,,,,,,,,,,,,,,,,,,,,,,,,,,,,,,,,,,,,,,,,,,,,,,,,,,,,,,,,,,,,,,,,,,,,,,,,,,,,,,,,,,,,,,,,,,,,,,,,,,,,,,,,,,,,,,,,,,,,,,,,,,,,,,,,,,,,,,,,,,,,,,,,,,,,,,,,,,,,,,,,,,,,,,,,,,,,,,,,
178.0,178.0,178.0,178.0,178.0,178.0,178.0,178.0,178.0,178.0,178.0,178.0,178.0,178.0,178.0,178.0,178.0,178.0,178.0,178.0,178.0,178.0,178.0,178.0,178.0,178.0,178.0,178.0,178.0,178.0,176.0,176.0,176.0,176.0,176.0,176.0,176.0,175.0,175.0,175.0,175.0,175.0,175.0,,,,,,,,,,,,,,,,,,,,,,,,,,,,,,,,,,,,,,,,,,,,,,,,,,,,,,,,,,,,,,,,,,,,,,,,,,,,,,,,,,,,,,,,,,,,,,,,,,,,,,,,,,,,,,,,,,,,,,,,,,,,,,,,,,,,,,,,,,,,,,,,,,,,,,,,,,,,,,,,,,,,,,,,,,,,,,,,,,,,,,,,,,,,,,,,,,,,,,,,,,,,,,,,,,,,,,,,,,,,,,,,,,,,,,,,,,,,,,,,,,,,,,,,,,,,,,,,,
175.0,175.0,175.0,175.0,175.0,175.0,175.0,175.0,175.0,175.0,175.0,175.0,175.0,176.0,176.0,176.0,176.0,176.0,176.0,176.0,176.0,176.0,176.0,176.0,175.0,175.0,175.0,175.0,174.0,174.0,174.0,174.0,174.0,174.0,174.0,174.0,174.0,174.0,174.0,174.0,174.0,174.0,,,,,,,,,,,,,,,,,,,,,,,,,,,,,,,,,,,,,,,,,,,,,,,,,,,,,,,,,,,,,,,,,,,,,,,,,,,,,,,,,,,,,,,,,,,,,,,,,,,,,,,,,,,,,,,,,,,,,,,,,,,,,,,,,,,,,,,,,,,,,,,,,,,,,,,,,,,,,,,,,,,,,,,,,,,,,,,,,,,,,,,,,,,,,,,,,,,,,,,,,,,,,,,,,,,,,,,,,,,,,,,,,,,,,,,,,,,,,,,,,,,,,,,,,,,,,,,,,,
153.0,151.0,150.0,148.0,149.0,147.0,148.0,146.0,145.0,145.0,145.0,145.0,145.0,145.0,144.0,143.0,140.0,139.0,139.0,139.0,139.0,139.0,139.0,139.0,138.0,137.0,135.0,134.0,134.0,135.0,135.0,136.0,137.0,136.0,136.0,136.0,136.0,,,,,,,,,,,,,,,,,,,,,,,,,,,,,,,,,,,,,,,,,,,,,,,,,,,,,,,,,,,,,,,,,,,,,,,,,,,,,,,,,,,,,,,,,,,,,,,,,,,,,,,,,,,,,,,,,,,,,,,,,,,,,,,,,,,,,,,,,,,,,,,,,,,,,,,,,,,,,,,,,,,,,,,,,,,,,,,,,,,,,,,,,,,,,,,,,,,,,,,,,,,,,,,,,,,,,,,,,,,,,,,,,,,,,,,,,,,,,,,,,,,,,,,,,,,,,,,,,,,,,,,
171.0,171.0,171.0,171.0,171.0,171.0,171.0,171.0,172.0,172.0,172.0,172.0,172.0,172.0,172.0,172.0,172.0,172.0,172.0,172.0,172.0,172.0,173.0,172.0,172.0,172.0,172.0,172.0,172.0,172.0,172.0,172.0,,,,,,,,,,,,,,,,,,,,,,,,,,,,,,,,,,,,,,,,,,,,,,,,,,,,,,,,,,,,,,,,,,,,,,,,,,,,,,,,,,,,,,,,,,,,,,,,,,,,,,,,,,,,,,,,,,,,,,,,,,,,,,,,,,,,,,,,,,,,,,,,,,,,,,,,,,,,,,,,,,,,,,,,,,,,,,,,,,,,,,,,,,,,,,,,,,,,,,,,,,,,,,,,,,,,,,,,,,,,,,,,,,,,,,,,,,,,,,,,,,,,,,,,,,,,,,,,,,,,,,,,,,,,
168.0,168.0,168.0,168.0,168.0,169.0,170.0,170.0,170.0,170.0,169.0,169.0,169.0,169.0,169.0,169.0,170.0,170.0,170.0,170.0,170.0,170.0,170.0,170.0,171.0,171.0,171.0,171.0,171.0,170.0,170.0,,,,,,,,,,,,,,,,,,,,,,,,,,,,,,,,,,,,,,,,,,,,,,,,,,,,,,,,,,,,,,,,,,,,,,,,,,,,,,,,,,,,,,,,,,,,,,,,,,,,,,,,,,,,,,,,,,,,,,,,,,,,,,,,,,,,,,,,,,,,,,,,,,,,,,,,,,,,,,,,,,,,,,,,,,,,,,,,,,,,,,,,,,,,,,,,,,,,,,,,,,,,,,,,,,,,,,,,,,,,,,,,,,,,,,,,,,,,,,,,,,,,,,,,,,,,,,,,,,,,,,,,,,,,,
172.0,173.0,173.0,173.0,173.0,174.0,175.0,175.0,175.0,175.0,175.0,175.0,175.0,175.0,175.0,175.0,175.0,175.0,175.0,175.0,175.0,175.0,175.0,175.0,175.0,175.0,175.0,175.0,175.0,175.0,175.0,175.0,175.0,175.0,176.0,176.0,,,,,,,,,,,,,,,,,,,,,,,,,,,,,,,,,,,,,,,,,,,,,,,,,,,,,,,,,,,,,,,,,,,,,,,,,,,,,,,,,,,,,,,,,,,,,,,,,,,,,,,,,,,,,,,,,,,,,,,,,,,,,,,,,,,,,,,,,,,,,,,,,,,,,,,,,,,,,,,,,,,,,,,,,,,,,,,,,,,,,,,,,,,,,,,,,,,,,,,,,,,,,,,,,,,,,,,,,,,,,,,,,,,,,,,,,,,,,,,,,,,,,,,,,,,,,,,,,,,,,,,,
177.0,177.0,177.0,177.0,177.0,177.0,177.0,177.0,177.0,177.0,177.0,177.0,177.0,177.0,177.0,177.0,177.0,177.0,177.0,177.0,177.0,177.0,177.0,177.0,177.0,177.0,177.0,177.0,177.0,177.0,177.0,177.0,177.0,,,,,,,,,,,,,,,,,,,,,,,,,,,,,,,,,,,,,,,,,,,,,,,,,,,,,,,,,,,,,,,,,,,,,,,,,,,,,,,,,,,,,,,,,,,,,,,,,,,,,,,,,,,,,,,,,,,,,,,,,,,,,,,,,,,,,,,,,,,,,,,,,,,,,,,,,,,,,,,,,,,,,,,,,,,,,,,,,,,,,,,,,,,,,,,,,,,,,,,,,,,,,,,,,,,,,,,,,,,,,,,,,,,,,,,,,,,,,,,,,,,,,,,,,,,,,,,,,,,,,,,,,,,
168.0,168.0,169.0,169.0,170.0,170.0,170.0,171.0,171.0,171.0,172.0,172.0,172.0,173.0,174.0,174.0,174.0,174.0,174.0,174.0,174.0,174.0,174.0,174.0,174.0,174.0,174.0,174.0,174.0,174.0,174.0,174.0,174.0,174.0,174.0,174.0,174.0,174.0,,,,,,,,,,,,,,,,,,,,,,,,,,,,,,,,,,,,,,,,,,,,,,,,,,,,,,,,,,,,,,,,,,,,,,,,,,,,,,,,,,,,,,,,,,,,,,,,,,,,,,,,,,,,,,,,,,,,,,,,,,,,,,,,,,,,,,,,,,,,,,,,,,,,,,,,,,,,,,,,,,,,,,,,,,,,,,,,,,,,,,,,,,,,,,,,,,,,,,,,,,,,,,,,,,,,,,,,,,,,,,,,,,,,,,,,,,,,,,,,,,,,,,,,,,,,,,,,,,,,,,
177.0,177.0,177.0,177.0,177.0,177.0,177.0,178.0,178.0,178.0,178.0,178.0,178.0,178.0,178.0,178.0,178.0,178.0,178.0,178.0,178.0,178.0,178.0,178.0,178.0,178.0,178.0,178.0,178.0,178.0,178.0,178.0,178.0,177.0,176.0,,,,,,,,,,,,,,,,,,,,,,,,,,,,,,,,,,,,,,,,,,,,,,,,,,,,,,,,,,,,,,,,,,,,,,,,,,,,,,,,,,,,,,,,,,,,,,,,,,,,,,,,,,,,,,,,,,,,,,,,,,,,,,,,,,,,,,,,,,,,,,,,,,,,,,,,,,,,,,,,,,,,,,,,,,,,,,,,,,,,,,,,,,,,,,,,,,,,,,,,,,,,,,,,,,,,,,,,,,,,,,,,,,,,,,,,,,,,,,,,,,,,,,,,,,,,,,,,,,,,,,,,,
179.0,178.0,178.0,179.0,179.0,179.0,179.0,179.0,179.0,179.0,179.0,179.0,179.0,178.0,178.0,178.0,178.0,178.0,178.0,179.0,179.0,179.0,179.0,179.0,179.0,179.0,179.0,179.0,179.0,179.0,179.0,179.0,179.0,179.0,179.0,178.0,178.0,178.0,,,,,,,,,,,,,,,,,,,,,,,,,,,,,,,,,,,,,,,,,,,,,,,,,,,,,,,,,,,,,,,,,,,,,,,,,,,,,,,,,,,,,,,,,,,,,,,,,,,,,,,,,,,,,,,,,,,,,,,,,,,,,,,,,,,,,,,,,,,,,,,,,,,,,,,,,,,,,,,,,,,,,,,,,,,,,,,,,,,,,,,,,,,,,,,,,,,,,,,,,,,,,,,,,,,,,,,,,,,,,,,,,,,,,,,,,,,,,,,,,,,,,,,,,,,,,,,,,,,,,,
180.0,180.0,180.0,180.0,180.0,180.0,180.0,180.0,180.0,180.0,180.0,180.0,180.0,180.0,180.0,180.0,180.0,180.0,180.0,180.0,180.0,180.0,180.0,180.0,180.0,180.0,180.0,180.0,179.0,179.0,179.0,179.0,179.0,179.0,179.0,179.0,179.0,179.0,179.0,,,,,,,,,,,,,,,,,,,,,,,,,,,,,,,,,,,,,,,,,,,,,,,,,,,,,,,,,,,,,,,,,,,,,,,,,,,,,,,,,,,,,,,,,,,,,,,,,,,,,,,,,,,,,,,,,,,,,,,,,,,,,,,,,,,,,,,,,,,,,,,,,,,,,,,,,,,,,,,,,,,,,,,,,,,,,,,,,,,,,,,,,,,,,,,,,,,,,,,,,,,,,,,,,,,,,,,,,,,,,,,,,,,,,,,,,,,,,,,,,,,,,,,,,,,,,,,,,,,,,
178.0,178.0,178.0,178.0,178.0,178.0,178.0,178.0,178.0,178.0,178.0,178.0,178.0,178.0,178.0,178.0,177.0,177.0,177.0,177.0,176.0,176.0,176.0,176.0,176.0,176.0,176.0,176.0,177.0,178.0,177.0,177.0,177.0,176.0,176.0,176.0,176.0,,,,,,,,,,,,,,,,,,,,,,,,,,,,,,,,,,,,,,,,,,,,,,,,,,,,,,,,,,,,,,,,,,,,,,,,,,,,,,,,,,,,,,,,,,,,,,,,,,,,,,,,,,,,,,,,,,,,,,,,,,,,,,,,,,,,,,,,,,,,,,,,,,,,,,,,,,,,,,,,,,,,,,,,,,,,,,,,,,,,,,,,,,,,,,,,,,,,,,,,,,,,,,,,,,,,,,,,,,,,,,,,,,,,,,,,,,,,,,,,,,,,,,,,,,,,,,,,,,,,,,,
167.0,167.0,167.0,167.0,167.0,167.0,167.0,168.0,168.0,168.0,168.0,167.0,167.0,167.0,166.0,166.0,166.0,166.0,166.0,167.0,167.0,167.0,167.0,168.0,168.0,168.0,168.0,168.0,168.0,168.0,168.0,168.0,168.0,168.0,168.0,168.0,168.0,168.0,168.0,168.0,168.0,,,,,,,,,,,,,,,,,,,,,,,,,,,,,,,,,,,,,,,,,,,,,,,,,,,,,,,,,,,,,,,,,,,,,,,,,,,,,,,,,,,,,,,,,,,,,,,,,,,,,,,,,,,,,,,,,,,,,,,,,,,,,,,,,,,,,,,,,,,,,,,,,,,,,,,,,,,,,,,,,,,,,,,,,,,,,,,,,,,,,,,,,,,,,,,,,,,,,,,,,,,,,,,,,,,,,,,,,,,,,,,,,,,,,,,,,,,,,,,,,,,,,,,,,,,,,,,,,,,
180.0,180.0,180.0,180.0,180.0,180.0,180.0,180.0,180.0,180.0,180.0,180.0,180.0,180.0,180.0,180.0,180.0,180.0,179.0,179.0,179.0,179.0,179.0,179.0,179.0,179.0,179.0,179.0,179.0,179.0,179.0,179.0,179.0,179.0,179.0,179.0,179.0,180.0,180.0,180.0,180.0,,,,,,,,,,,,,,,,,,,,,,,,,,,,,,,,,,,,,,,,,,,,,,,,,,,,,,,,,,,,,,,,,,,,,,,,,,,,,,,,,,,,,,,,,,,,,,,,,,,,,,,,,,,,,,,,,,,,,,,,,,,,,,,,,,,,,,,,,,,,,,,,,,,,,,,,,,,,,,,,,,,,,,,,,,,,,,,,,,,,,,,,,,,,,,,,,,,,,,,,,,,,,,,,,,,,,,,,,,,,,,,,,,,,,,,,,,,,,,,,,,,,,,,,,,,,,,,,,,,
180.0,180.0,180.0,180.0,180.0,180.0,180.0,180.0,180.0,180.0,180.0,180.0,180.0,180.0,180.0,180.0,180.0,180.0,180.0,180.0,180.0,180.0,180.0,180.0,180.0,180.0,180.0,180.0,179.0,178.0,177.0,177.0,178.0,178.0,178.0,178.0,177.0,,,,,,,,,,,,,,,,,,,,,,,,,,,,,,,,,,,,,,,,,,,,,,,,,,,,,,,,,,,,,,,,,,,,,,,,,,,,,,,,,,,,,,,,,,,,,,,,,,,,,,,,,,,,,,,,,,,,,,,,,,,,,,,,,,,,,,,,,,,,,,,,,,,,,,,,,,,,,,,,,,,,,,,,,,,,,,,,,,,,,,,,,,,,,,,,,,,,,,,,,,,,,,,,,,,,,,,,,,,,,,,,,,,,,,,,,,,,,,,,,,,,,,,,,,,,,,,,,,,,,,,
170.0,171.0,171.0,171.0,170.0,170.0,169.0,169.0,169.0,169.0,169.0,168.0,168.0,169.0,169.0,169.0,169.0,169.0,169.0,169.0,169.0,171.0,170.0,170.0,170.0,170.0,170.0,170.0,170.0,170.0,170.0,170.0,171.0,171.0,171.0,170.0,170.0,170.0,170.0,,,,,,,,,,,,,,,,,,,,,,,,,,,,,,,,,,,,,,,,,,,,,,,,,,,,,,,,,,,,,,,,,,,,,,,,,,,,,,,,,,,,,,,,,,,,,,,,,,,,,,,,,,,,,,,,,,,,,,,,,,,,,,,,,,,,,,,,,,,,,,,,,,,,,,,,,,,,,,,,,,,,,,,,,,,,,,,,,,,,,,,,,,,,,,,,,,,,,,,,,,,,,,,,,,,,,,,,,,,,,,,,,,,,,,,,,,,,,,,,,,,,,,,,,,,,,,,,,,,,,
179.0,179.0,179.0,179.0,179.0,179.0,180.0,179.0,179.0,179.0,179.0,179.0,179.0,179.0,179.0,179.0,179.0,178.0,178.0,178.0,178.0,178.0,178.0,178.0,178.0,178.0,177.0,177.0,177.0,177.0,177.0,177.0,177.0,177.0,176.0,176.0,,,,,,,,,,,,,,,,,,,,,,,,,,,,,,,,,,,,,,,,,,,,,,,,,,,,,,,,,,,,,,,,,,,,,,,,,,,,,,,,,,,,,,,,,,,,,,,,,,,,,,,,,,,,,,,,,,,,,,,,,,,,,,,,,,,,,,,,,,,,,,,,,,,,,,,,,,,,,,,,,,,,,,,,,,,,,,,,,,,,,,,,,,,,,,,,,,,,,,,,,,,,,,,,,,,,,,,,,,,,,,,,,,,,,,,,,,,,,,,,,,,,,,,,,,,,,,,,,,,,,,,,
180.0,180.0,179.0,179.0,179.0,179.0,179.0,178.0,178.0,178.0,178.0,178.0,178.0,178.0,178.0,178.0,178.0,178.0,178.0,178.0,178.0,178.0,178.0,178.0,178.0,178.0,179.0,179.0,,,,,,,,,,,,,,,,,,,,,,,,,,,,,,,,,,,,,,,,,,,,,,,,,,,,,,,,,,,,,,,,,,,,,,,,,,,,,,,,,,,,,,,,,,,,,,,,,,,,,,,,,,,,,,,,,,,,,,,,,,,,,,,,,,,,,,,,,,,,,,,,,,,,,,,,,,,,,,,,,,,,,,,,,,,,,,,,,,,,,,,,,,,,,,,,,,,,,,,,,,,,,,,,,,,,,,,,,,,,,,,,,,,,,,,,,,,,,,,,,,,,,,,,,,,,,,,,,,,,,,,,,,,,,,,,
180.0,180.0,180.0,180.0,180.0,179.0,179.0,179.0,179.0,179.0,179.0,179.0,179.0,179.0,179.0,179.0,179.0,179.0,179.0,179.0,180.0,180.0,180.0,180.0,180.0,180.0,180.0,180.0,180.0,180.0,180.0,180.0,180.0,180.0,180.0,180.0,180.0,180.0,180.0,180.0,180.0,180.0,,,,,,,,,,,,,,,,,,,,,,,,,,,,,,,,,,,,,,,,,,,,,,,,,,,,,,,,,,,,,,,,,,,,,,,,,,,,,,,,,,,,,,,,,,,,,,,,,,,,,,,,,,,,,,,,,,,,,,,,,,,,,,,,,,,,,,,,,,,,,,,,,,,,,,,,,,,,,,,,,,,,,,,,,,,,,,,,,,,,,,,,,,,,,,,,,,,,,,,,,,,,,,,,,,,,,,,,,,,,,,,,,,,,,,,,,,,,,,,,,,,,,,,,,,,,,,,,,,
175.0,175.0,176.0,175.0,176.0,176.0,174.0,173.0,173.0,173.0,174.0,176.0,176.0,176.0,176.0,175.0,176.0,176.0,176.0,176.0,176.0,176.0,176.0,176.0,175.0,175.0,176.0,176.0,176.0,176.0,177.0,177.0,177.0,177.0,177.0,177.0,176.0,176.0,176.0,176.0,175.0,175.0,175.0,,,,,,,,,,,,,,,,,,,,,,,,,,,,,,,,,,,,,,,,,,,,,,,,,,,,,,,,,,,,,,,,,,,,,,,,,,,,,,,,,,,,,,,,,,,,,,,,,,,,,,,,,,,,,,,,,,,,,,,,,,,,,,,,,,,,,,,,,,,,,,,,,,,,,,,,,,,,,,,,,,,,,,,,,,,,,,,,,,,,,,,,,,,,,,,,,,,,,,,,,,,,,,,,,,,,,,,,,,,,,,,,,,,,,,,,,,,,,,,,,,,,,,,,,,,,,,,,,
176.0,175.0,176.0,176.0,176.0,176.0,176.0,176.0,176.0,176.0,176.0,176.0,176.0,175.0,176.0,176.0,175.0,175.0,175.0,176.0,177.0,177.0,177.0,177.0,177.0,177.0,177.0,177.0,177.0,177.0,,,,,,,,,,,,,,,,,,,,,,,,,,,,,,,,,,,,,,,,,,,,,,,,,,,,,,,,,,,,,,,,,,,,,,,,,,,,,,,,,,,,,,,,,,,,,,,,,,,,,,,,,,,,,,,,,,,,,,,,,,,,,,,,,,,,,,,,,,,,,,,,,,,,,,,,,,,,,,,,,,,,,,,,,,,,,,,,,,,,,,,,,,,,,,,,,,,,,,,,,,,,,,,,,,,,,,,,,,,,,,,,,,,,,,,,,,,,,,,,,,,,,,,,,,,,,,,,,,,,,,,,,,,,,,
179.0,179.0,179.0,179.0,179.0,179.0,179.0,179.0,179.0,178.0,178.0,178.0,178.0,178.0,178.0,178.0,178.0,178.0,178.0,178.0,178.0,178.0,178.0,178.0,178.0,178.0,178.0,178.0,178.0,178.0,177.0,177.0,177.0,177.0,177.0,177.0,,,,,,,,,,,,,,,,,,,,,,,,,,,,,,,,,,,,,,,,,,,,,,,,,,,,,,,,,,,,,,,,,,,,,,,,,,,,,,,,,,,,,,,,,,,,,,,,,,,,,,,,,,,,,,,,,,,,,,,,,,,,,,,,,,,,,,,,,,,,,,,,,,,,,,,,,,,,,,,,,,,,,,,,,,,,,,,,,,,,,,,,,,,,,,,,,,,,,,,,,,,,,,,,,,,,,,,,,,,,,,,,,,,,,,,,,,,,,,,,,,,,,,,,,,,,,,,,,,,,,,,,
174.0,175.0,175.0,173.0,173.0,173.0,174.0,174.0,174.0,174.0,174.0,175.0,175.0,175.0,175.0,175.0,174.0,174.0,174.0,175.0,174.0,174.0,174.0,174.0,174.0,173.0,173.0,173.0,173.0,174.0,174.0,,,,,,,,,,,,,,,,,,,,,,,,,,,,,,,,,,,,,,,,,,,,,,,,,,,,,,,,,,,,,,,,,,,,,,,,,,,,,,,,,,,,,,,,,,,,,,,,,,,,,,,,,,,,,,,,,,,,,,,,,,,,,,,,,,,,,,,,,,,,,,,,,,,,,,,,,,,,,,,,,,,,,,,,,,,,,,,,,,,,,,,,,,,,,,,,,,,,,,,,,,,,,,,,,,,,,,,,,,,,,,,,,,,,,,,,,,,,,,,,,,,,,,,,,,,,,,,,,,,,,,,,,,,,,
176.0,176.0,175.0,175.0,175.0,175.0,175.0,175.0,175.0,175.0,175.0,175.0,174.0,174.0,174.0,174.0,174.0,174.0,174.0,174.0,174.0,174.0,174.0,174.0,175.0,175.0,175.0,175.0,175.0,175.0,175.0,175.0,175.0,175.0,175.0,175.0,175.0,,,,,,,,,,,,,,,,,,,,,,,,,,,,,,,,,,,,,,,,,,,,,,,,,,,,,,,,,,,,,,,,,,,,,,,,,,,,,,,,,,,,,,,,,,,,,,,,,,,,,,,,,,,,,,,,,,,,,,,,,,,,,,,,,,,,,,,,,,,,,,,,,,,,,,,,,,,,,,,,,,,,,,,,,,,,,,,,,,,,,,,,,,,,,,,,,,,,,,,,,,,,,,,,,,,,,,,,,,,,,,,,,,,,,,,,,,,,,,,,,,,,,,,,,,,,,,,,,,,,,,,
171.0,171.0,171.0,172.0,172.0,172.0,173.0,173.0,174.0,175.0,175.0,175.0,175.0,175.0,175.0,175.0,175.0,175.0,175.0,175.0,175.0,175.0,174.0,174.0,174.0,174.0,174.0,174.0,174.0,174.0,175.0,175.0,175.0,175.0,175.0,175.0,175.0,,,,,,,,,,,,,,,,,,,,,,,,,,,,,,,,,,,,,,,,,,,,,,,,,,,,,,,,,,,,,,,,,,,,,,,,,,,,,,,,,,,,,,,,,,,,,,,,,,,,,,,,,,,,,,,,,,,,,,,,,,,,,,,,,,,,,,,,,,,,,,,,,,,,,,,,,,,,,,,,,,,,,,,,,,,,,,,,,,,,,,,,,,,,,,,,,,,,,,,,,,,,,,,,,,,,,,,,,,,,,,,,,,,,,,,,,,,,,,,,,,,,,,,,,,,,,,,,,,,,,,,
178.0,178.0,178.0,178.0,178.0,178.0,178.0,178.0,178.0,178.0,178.0,178.0,178.0,178.0,178.0,178.0,178.0,179.0,179.0,179.0,179.0,179.0,179.0,179.0,179.0,179.0,179.0,179.0,179.0,179.0,179.0,179.0,179.0,179.0,179.0,179.0,,,,,,,,,,,,,,,,,,,,,,,,,,,,,,,,,,,,,,,,,,,,,,,,,,,,,,,,,,,,,,,,,,,,,,,,,,,,,,,,,,,,,,,,,,,,,,,,,,,,,,,,,,,,,,,,,,,,,,,,,,,,,,,,,,,,,,,,,,,,,,,,,,,,,,,,,,,,,,,,,,,,,,,,,,,,,,,,,,,,,,,,,,,,,,,,,,,,,,,,,,,,,,,,,,,,,,,,,,,,,,,,,,,,,,,,,,,,,,,,,,,,,,,,,,,,,,,,,,,,,,,,
176.0,176.0,175.0,174.0,174.0,174.0,174.0,173.0,172.0,172.0,171.0,171.0,171.0,172.0,171.0,171.0,170.0,169.0,169.0,169.0,169.0,170.0,170.0,170.0,170.0,170.0,170.0,170.0,170.0,170.0,170.0,170.0,169.0,169.0,169.0,169.0,169.0,169.0,169.0,170.0,170.0,170.0,,,,,,,,,,,,,,,,,,,,,,,,,,,,,,,,,,,,,,,,,,,,,,,,,,,,,,,,,,,,,,,,,,,,,,,,,,,,,,,,,,,,,,,,,,,,,,,,,,,,,,,,,,,,,,,,,,,,,,,,,,,,,,,,,,,,,,,,,,,,,,,,,,,,,,,,,,,,,,,,,,,,,,,,,,,,,,,,,,,,,,,,,,,,,,,,,,,,,,,,,,,,,,,,,,,,,,,,,,,,,,,,,,,,,,,,,,,,,,,,,,,,,,,,,,,,,,,,,,
171.0,171.0,170.0,169.0,169.0,169.0,170.0,170.0,169.0,170.0,170.0,170.0,170.0,170.0,170.0,170.0,170.0,170.0,170.0,170.0,170.0,170.0,170.0,170.0,170.0,170.0,170.0,170.0,170.0,170.0,170.0,170.0,170.0,170.0,168.0,168.0,168.0,,,,,,,,,,,,,,,,,,,,,,,,,,,,,,,,,,,,,,,,,,,,,,,,,,,,,,,,,,,,,,,,,,,,,,,,,,,,,,,,,,,,,,,,,,,,,,,,,,,,,,,,,,,,,,,,,,,,,,,,,,,,,,,,,,,,,,,,,,,,,,,,,,,,,,,,,,,,,,,,,,,,,,,,,,,,,,,,,,,,,,,,,,,,,,,,,,,,,,,,,,,,,,,,,,,,,,,,,,,,,,,,,,,,,,,,,,,,,,,,,,,,,,,,,,,,,,,,,,,,,,,
179.0,179.0,179.0,179.0,179.0,179.0,179.0,179.0,179.0,179.0,179.0,179.0,179.0,180.0,180.0,180.0,180.0,180.0,180.0,180.0,180.0,180.0,180.0,180.0,180.0,180.0,180.0,180.0,180.0,180.0,180.0,180.0,180.0,179.0,179.0,179.0,179.0,179.0,179.0,179.0,180.0,180.0,180.0,180.0,179.0,179.0,179.0,179.0,179.0,,,,,,,,,,,,,,,,,,,,,,,,,,,,,,,,,,,,,,,,,,,,,,,,,,,,,,,,,,,,,,,,,,,,,,,,,,,,,,,,,,,,,,,,,,,,,,,,,,,,,,,,,,,,,,,,,,,,,,,,,,,,,,,,,,,,,,,,,,,,,,,,,,,,,,,,,,,,,,,,,,,,,,,,,,,,,,,,,,,,,,,,,,,,,,,,,,,,,,,,,,,,,,,,,,,,,,,,,,,,,,,,,,,,,,,,,,,,,,,,,,,,,,,,,,,
178.0,178.0,178.0,178.0,177.0,177.0,178.0,177.0,177.0,176.0,173.0,173.0,173.0,172.0,171.0,173.0,173.0,173.0,173.0,173.0,172.0,171.0,171.0,171.0,169.0,169.0,169.0,168.0,168.0,168.0,169.0,169.0,170.0,170.0,170.0,169.0,169.0,169.0,169.0,168.0,167.0,,,,,,,,,,,,,,,,,,,,,,,,,,,,,,,,,,,,,,,,,,,,,,,,,,,,,,,,,,,,,,,,,,,,,,,,,,,,,,,,,,,,,,,,,,,,,,,,,,,,,,,,,,,,,,,,,,,,,,,,,,,,,,,,,,,,,,,,,,,,,,,,,,,,,,,,,,,,,,,,,,,,,,,,,,,,,,,,,,,,,,,,,,,,,,,,,,,,,,,,,,,,,,,,,,,,,,,,,,,,,,,,,,,,,,,,,,,,,,,,,,,,,,,,,,,,,,,,,,,
176.0,175.0,175.0,175.0,174.0,174.0,173.0,173.0,173.0,173.0,173.0,173.0,173.0,173.0,173.0,173.0,173.0,173.0,173.0,173.0,173.0,173.0,172.0,172.0,171.0,171.0,171.0,171.0,171.0,171.0,171.0,170.0,170.0,170.0,170.0,169.0,169.0,,,,,,,,,,,,,,,,,,,,,,,,,,,,,,,,,,,,,,,,,,,,,,,,,,,,,,,,,,,,,,,,,,,,,,,,,,,,,,,,,,,,,,,,,,,,,,,,,,,,,,,,,,,,,,,,,,,,,,,,,,,,,,,,,,,,,,,,,,,,,,,,,,,,,,,,,,,,,,,,,,,,,,,,,,,,,,,,,,,,,,,,,,,,,,,,,,,,,,,,,,,,,,,,,,,,,,,,,,,,,,,,,,,,,,,,,,,,,,,,,,,,,,,,,,,,,,,,,,,,,,,
180.0,180.0,180.0,180.0,180.0,180.0,180.0,180.0,179.0,179.0,179.0,179.0,179.0,179.0,179.0,179.0,179.0,179.0,179.0,179.0,179.0,179.0,179.0,179.0,179.0,179.0,179.0,179.0,180.0,180.0,180.0,180.0,180.0,180.0,180.0,180.0,180.0,180.0,180.0,180.0,,,,,,,,,,,,,,,,,,,,,,,,,,,,,,,,,,,,,,,,,,,,,,,,,,,,,,,,,,,,,,,,,,,,,,,,,,,,,,,,,,,,,,,,,,,,,,,,,,,,,,,,,,,,,,,,,,,,,,,,,,,,,,,,,,,,,,,,,,,,,,,,,,,,,,,,,,,,,,,,,,,,,,,,,,,,,,,,,,,,,,,,,,,,,,,,,,,,,,,,,,,,,,,,,,,,,,,,,,,,,,,,,,,,,,,,,,,,,,,,,,,,,,,,,,,,,,,,,,,,
172.0,172.0,174.0,174.0,174.0,174.0,175.0,175.0,175.0,174.0,173.0,173.0,173.0,173.0,173.0,173.0,173.0,172.0,171.0,171.0,171.0,171.0,169.0,169.0,169.0,169.0,169.0,169.0,169.0,169.0,170.0,170.0,170.0,170.0,170.0,170.0,170.0,170.0,169.0,169.0,169.0,169.0,169.0,169.0,169.0,169.0,,,,,,,,,,,,,,,,,,,,,,,,,,,,,,,,,,,,,,,,,,,,,,,,,,,,,,,,,,,,,,,,,,,,,,,,,,,,,,,,,,,,,,,,,,,,,,,,,,,,,,,,,,,,,,,,,,,,,,,,,,,,,,,,,,,,,,,,,,,,,,,,,,,,,,,,,,,,,,,,,,,,,,,,,,,,,,,,,,,,,,,,,,,,,,,,,,,,,,,,,,,,,,,,,,,,,,,,,,,,,,,,,,,,,,,,,,,,,,,,,,,,,,,,,,,,,,
