3.61,3.6,3.605,3.57,3.575,3.56,3.57,3.57,3.57,3.58,3.595,3.57,3.57,3.54,3.54,3.565,3.57,3.57,3.575,3.58,3.6,3.61,3.62,3.6,3.605,3.61,3.63,3.65,3.655,3.65,3.655,3.645,3.66,3.655,3.64,3.645,3.665,3.695,3.735,3.725,3.735,3.735,3.755,,,,,,,,,,,,,,,,,,,,,,,,,,,,,,,,,,,,,,,,,,,,,,,,,,,,,,,,,,,,,,,,,,,,,,,,,,,,,,,,,,,,,,,,,,,,,,,,,,,,,,,,,,,,,,,,,,,,,,,,,,,,,,,,,,,,,,,,,,,,,,,,,,,,,,,,,,,,,,,,,,,,,,,,,,,,,,,,,,,,,,,,,,,,,,,,,,,,,,,,,,,,,,,,,,,,,,,,,,,,,,,,,,,,,,,,,,,,,,,,,,,,,,,,,,,,,,,,,
4.1,4.08,4.075,4.08,4.07,4.04,4.055,4.035,4.035,4.01,4.02,4.015,4.0,3.99,3.995,3.97,3.97,3.97,3.965,3.98,4.0,3.985,3.975,3.975,3.98,3.985,3.96,3.965,3.95,3.95,3.955,3.955,3.945,3.94,3.945,,,,,,,,,,,,,,,,,,,,,,,,,,,,,,,,,,,,,,,,,,,,,,,,,,,,,,,,,,,,,,,,,,,,,,,,,,,,,,,,,,,,,,,,,,,,,,,,,,,,,,,,,,,,,,,,,,,,,,,,,,,,,,,,,,,,,,,,,,,,,,,,,,,,,,,,,,,,,,,,,,,,,,,,,,,,,,,,,,,,,,,,,,,,,,,,,,,,,,,,,,,,,,,,,,,,,,,,,,,,,,,,,,,,,,,,,,,,,,,,,,,,,,,,,,,,,,,,,,,,,,,,,
4.085,4.065,4.055,4.08,4.095,4.085,4.075,4.02,4.035,4.02,4.025,4.01,4.015,4.015,4.045,4.035,4.05,4.065,4.065,4.05,4.045,4.045,4.05,4.0,4.015,3.995,3.975,3.965,3.935,3.93,3.94,3.905,3.915,3.925,,,,,,,,,,,,,,,,,,,,,,,,,,,,,,,,,,,,,,,,,,,,,,,,,,,,,,,,,,,,,,,,,,,,,,,,,,,,,,,,,,,,,,,,,,,,,,,,,,,,,,,,,,,,,,,,,,,,,,,,,,,,,,,,,,,,,,,,,,,,,,,,,,,,,,,,,,,,,,,,,,,,,,,,,,,,,,,,,,,,,,,,,,,,,,,,,,,,,,,,,,,,,,,,,,,,,,,,,,,,,,,,,,,,,,,,,,,,,,,,,,,,,,,,,,,,,,,,,,,,,,,,,,
3.985,3.965,3.95,3.925,3.91,3.91,3.9,3.86,3.825,3.805,3.775,3.755,3.745,3.735,3.715,3.685,3.69,3.71,3.71,3.71,3.705,3.67,3.67,3.675,3.665,3.67,3.67,3.655,3.625,3.635,3.645,3.67,3.68,3.67,3.645,3.665,3.675,3.68,3.68,3.66,3.645,3.64,,,,,,,,,,,,,,,,,,,,,,,,,,,,,,,,,,,,,,,,,,,,,,,,,,,,,,,,,,,,,,,,,,,,,,,,,,,,,,,,,,,,,,,,,,,,,,,,,,,,,,,,,,,,,,,,,,,,,,,,,,,,,,,,,,,,,,,,,,,,,,,,,,,,,,,,,,,,,,,,,,,,,,,,,,,,,,,,,,,,,,,,,,,,,,,,,,,,,,,,,,,,,,,,,,,,,,,,,,,,,,,,,,,,,,,,,,,,,,,,,,,,,,,,,,,,,,,,,,
3.835,3.815,3.825,3.805,3.825,3.81,3.795,3.815,3.825,3.79,3.775,3.76,3.755,3.75,3.76,3.745,3.74,3.725,3.735,3.725,3.695,3.695,3.675,3.68,3.68,3.67,3.66,3.665,3.66,3.66,3.635,3.64,3.67,3.65,3.665,3.67,3.665,3.665,3.675,3.675,3.675,,,,,,,,,,,,,,,,,,,,,,,,,,,,,,,,,,,,,,,,,,,,,,,,,,,,,,,,,,,,,,,,,,,,,,,,,,,,,,,,,,,,,,,,,,,,,,,,,,,,,,,,,,,,,,,,,,,,,,,,,,,,,,,,,,,,,,,,,,,,,,,,,,,,,,,,,,,,,,,,,,,,,,,,,,,,,,,,,,,,,,,,,,,,,,,,,,,,,,,,,,,,,,,,,,,,,,,,,,,,,,,,,,,,,,,,,,,,,,,,,,,,,,,,,,,,,,,,,,,
3.55,3.54,3.535,3.49,3.5,3.495,3.48,3.495,3.505,3.51,3.52,3.525,3.54,3.55,3.565,3.58,3.57,3.56,3.57,3.585,3.57,3.585,3.615,3.625,3.62,3.62,3.625,3.63,3.64,3.64,3.64,3.62,3.625,3.605,,,,,,,,,,,,,,,,,,,,,,,,,,,,,,,,,,,,,,,,,,,,,,,,,,,,,,,,,,,,,,,,,,,,,,,,,,,,,,,,,,,,,,,,,,,,,,,,,,,,,,,,,,,,,,,,,,,,,,,,,,,,,,,,,,,,,,,,,,,,,,,,,,,,,,,,,,,,,,,,,,,,,,,,,,,,,,,,,,,,,,,,,,,,,,,,,,,,,,,,,,,,,,,,,,,,,,,,,,,,,,,,,,,,,,,,,,,,,,,,,,,,,,,,,,,,,,,,,,,,,,,,,,
3.88,3.845,3.86,3.91,3.885,3.875,3.875,3.84,3.815,3.8,3.78,3.765,3.76,3.75,3.74,3.745,3.765,3.79,3.79,3.76,3.77,3.76,3.745,3.765,3.765,3.78,3.765,3.765,3.77,3.765,3.755,3.745,3.73,3.7,3.7,,,,,,,,,,,,,,,,,,,,,,,,,,,,,,,,,,,,,,,,,,,,,,,,,,,,,,,,,,,,,,,,,,,,,,,,,,,,,,,,,,,,,,,,,,,,,,,,,,,,,,,,,,,,,,,,,,,,,,,,,,,,,,,,,,,,,,,,,,,,,,,,,,,,,,,,,,,,,,,,,,,,,,,,,,,,,,,,,,,,,,,,,,,,,,,,,,,,,,,,,,,,,,,,,,,,,,,,,,,,,,,,,,,,,,,,,,,,,,,,,,,,,,,,,,,,,,,,,,,,,,,,,
3.79,3.825,3.835,3.86,3.89,3.9,3.91,3.93,3.905,3.92,3.96,3.99,4.02,4.05,4.055,4.065,4.07,4.09,4.11,4.11,4.105,4.125,4.115,4.12,4.115,4.105,4.11,4.13,4.115,4.13,4.125,4.15,4.155,4.165,4.145,4.16,4.155,4.165,4.175,4.16,,,,,,,,,,,,,,,,,,,,,,,,,,,,,,,,,,,,,,,,,,,,,,,,,,,,,,,,,,,,,,,,,,,,,,,,,,,,,,,,,,,,,,,,,,,,,,,,,,,,,,,,,,,,,,,,,,,,,,,,,,,,,,,,,,,,,,,,,,,,,,,,,,,,,,,,,,,,,,,,,,,,,,,,,,,,,,,,,,,,,,,,,,,,,,,,,,,,,,,,,,,,,,,,,,,,,,,,,,,,,,,,,,,,,,,,,,,,,,,,,,,,,,,,,,,,,,,,,,,,
4.175,4.16,4.175,4.135,4.15,4.16,4.145,4.14,4.15,4.18,4.185,4.155,4.14,4.145,4.145,4.175,4.16,4.15,4.14,4.15,4.15,4.15,4.18,4.175,4.18,4.17,4.185,4.185,4.2,4.19,4.19,4.205,4.23,4.255,4.255,4.27,4.28,4.285,,,,,,,,,,,,,,,,,,,,,,,,,,,,,,,,,,,,,,,,,,,,,,,,,,,,,,,,,,,,,,,,,,,,,,,,,,,,,,,,,,,,,,,,,,,,,,,,,,,,,,,,,,,,,,,,,,,,,,,,,,,,,,,,,,,,,,,,,,,,,,,,,,,,,,,,,,,,,,,,,,,,,,,,,,,,,,,,,,,,,,,,,,,,,,,,,,,,,,,,,,,,,,,,,,,,,,,,,,,,,,,,,,,,,,,,,,,,,,,,,,,,,,,,,,,,,,,,,,,,,,
3.885,3.865,3.87,3.865,3.875,3.895,3.875,3.855,3.86,3.845,3.875,3.865,3.855,3.845,3.81,3.77,3.745,3.765,3.775,3.775,3.77,3.775,3.75,3.75,3.75,3.74,3.775,3.775,3.79,3.775,3.79,3.785,3.79,3.805,3.795,3.795,3.78,,,,,,,,,,,,,,,,,,,,,,,,,,,,,,,,,,,,,,,,,,,,,,,,,,,,,,,,,,,,,,,,,,,,,,,,,,,,,,,,,,,,,,,,,,,,,,,,,,,,,,,,,,,,,,,,,,,,,,,,,,,,,,,,,,,,,,,,,,,,,,,,,,,,,,,,,,,,,,,,,,,,,,,,,,,,,,,,,,,,,,,,,,,,,,,,,,,,,,,,,,,,,,,,,,,,,,,,,,,,,,,,,,,,,,,,,,,,,,,,,,,,,,,,,,,,,,,,,,,,,,,
3.79,3.78,3.8,3.845,3.87,3.855,3.865,3.865,3.85,3.85,3.85,3.83,3.845,3.83,3.865,3.86,3.86,3.855,3.845,3.84,3.835,3.835,3.835,3.82,3.82,3.83,3.855,3.83,3.825,3.84,3.835,,,,,,,,,,,,,,,,,,,,,,,,,,,,,,,,,,,,,,,,,,,,,,,,,,,,,,,,,,,,,,,,,,,,,,,,,,,,,,,,,,,,,,,,,,,,,,,,,,,,,,,,,,,,,,,,,,,,,,,,,,,,,,,,,,,,,,,,,,,,,,,,,,,,,,,,,,,,,,,,,,,,,,,,,,,,,,,,,,,,,,,,,,,,,,,,,,,,,,,,,,,,,,,,,,,,,,,,,,,,,,,,,,,,,,,,,,,,,,,,,,,,,,,,,,,,,,,,,,,,,,,,,,,,,
4.18,4.17,4.16,4.19,4.235,4.265,4.255,4.235,4.19,4.15,4.11,4.135,4.155,4.145,4.115,4.1,4.1,4.095,4.1,4.11,4.12,4.115,4.09,4.06,4.065,4.05,4.05,4.055,4.045,4.05,4.07,4.045,4.035,4.03,4.03,4.03,4.02,4.04,4.06,4.06,4.085,4.09,4.085,4.08,4.105,4.09,4.095,4.095,4.1,4.1,,,,,,,,,,,,,,,,,,,,,,,,,,,,,,,,,,,,,,,,,,,,,,,,,,,,,,,,,,,,,,,,,,,,,,,,,,,,,,,,,,,,,,,,,,,,,,,,,,,,,,,,,,,,,,,,,,,,,,,,,,,,,,,,,,,,,,,,,,,,,,,,,,,,,,,,,,,,,,,,,,,,,,,,,,,,,,,,,,,,,,,,,,,,,,,,,,,,,,,,,,,,,,,,,,,,,,,,,,,,,,,,,,,,,,,,,,,,,,,,,,,,,,,,,,
3.775,3.765,3.785,3.765,3.75,3.745,3.715,3.73,3.725,3.72,3.715,3.735,3.75,3.765,3.755,3.76,3.75,3.73,3.74,3.74,3.77,3.78,3.76,3.74,3.755,3.75,3.765,3.755,3.755,3.75,3.76,3.74,3.76,3.775,3.77,3.76,3.77,3.75,,,,,,,,,,,,,,,,,,,,,,,,,,,,,,,,,,,,,,,,,,,,,,,,,,,,,,,,,,,,,,,,,,,,,,,,,,,,,,,,,,,,,,,,,,,,,,,,,,,,,,,,,,,,,,,,,,,,,,,,,,,,,,,,,,,,,,,,,,,,,,,,,,,,,,,,,,,,,,,,,,,,,,,,,,,,,,,,,,,,,,,,,,,,,,,,,,,,,,,,,,,,,,,,,,,,,,,,,,,,,,,,,,,,,,,,,,,,,,,,,,,,,,,,,,,,,,,,,,,,,,
3.765,3.74,3.755,3.78,3.77,3.755,3.73,3.725,3.715,3.75,3.745,3.755,3.73,3.725,3.71,3.705,3.705,3.675,3.7,3.685,3.705,3.68,3.67,3.68,3.68,3.69,3.675,3.66,3.66,3.665,3.655,3.66,3.675,3.67,3.67,3.665,3.675,3.67,3.67,3.69,,,,,,,,,,,,,,,,,,,,,,,,,,,,,,,,,,,,,,,,,,,,,,,,,,,,,,,,,,,,,,,,,,,,,,,,,,,,,,,,,,,,,,,,,,,,,,,,,,,,,,,,,,,,,,,,,,,,,,,,,,,,,,,,,,,,,,,,,,,,,,,,,,,,,,,,,,,,,,,,,,,,,,,,,,,,,,,,,,,,,,,,,,,,,,,,,,,,,,,,,,,,,,,,,,,,,,,,,,,,,,,,,,,,,,,,,,,,,,,,,,,,,,,,,,,,,,,,,,,,
3.755,3.77,3.805,3.835,3.87,3.89,3.88,3.91,3.915,3.925,3.935,3.94,3.95,3.95,3.955,3.95,3.95,3.99,4.005,4.005,4.0,4.015,4.025,4.03,4.03,4.02,4.035,4.03,4.055,4.055,4.08,4.065,4.065,4.045,4.035,4.03,4.035,,,,,,,,,,,,,,,,,,,,,,,,,,,,,,,,,,,,,,,,,,,,,,,,,,,,,,,,,,,,,,,,,,,,,,,,,,,,,,,,,,,,,,,,,,,,,,,,,,,,,,,,,,,,,,,,,,,,,,,,,,,,,,,,,,,,,,,,,,,,,,,,,,,,,,,,,,,,,,,,,,,,,,,,,,,,,,,,,,,,,,,,,,,,,,,,,,,,,,,,,,,,,,,,,,,,,,,,,,,,,,,,,,,,,,,,,,,,,,,,,,,,,,,,,,,,,,,,,,,,,,,
3.675,3.655,3.67,3.685,3.7,3.715,3.715,3.735,3.72,3.725,3.695,3.685,3.67,3.68,3.705,3.71,3.685,3.695,3.675,3.675,3.67,3.645,3.625,3.64,3.65,3.66,3.645,3.65,3.65,3.615,3.615,3.605,3.605,3.615,3.6,3.615,,,,,,,,,,,,,,,,,,,,,,,,,,,,,,,,,,,,,,,,,,,,,,,,,,,,,,,,,,,,,,,,,,,,,,,,,,,,,,,,,,,,,,,,,,,,,,,,,,,,,,,,,,,,,,,,,,,,,,,,,,,,,,,,,,,,,,,,,,,,,,,,,,,,,,,,,,,,,,,,,,,,,,,,,,,,,,,,,,,,,,,,,,,,,,,,,,,,,,,,,,,,,,,,,,,,,,,,,,,,,,,,,,,,,,,,,,,,,,,,,,,,,,,,,,,,,,,,,,,,,,,,
3.715,3.73,3.745,3.735,3.74,3.73,3.74,3.785,3.785,3.81,3.835,3.835,3.84,3.82,3.83,3.83,3.835,3.84,3.81,3.81,3.795,3.79,3.755,3.755,3.765,3.755,3.76,3.795,3.815,3.815,3.815,3.795,3.805,3.81,3.83,3.855,3.835,3.845,3.84,3.86,3.845,3.85,3.84,3.845,,,,,,,,,,,,,,,,,,,,,,,,,,,,,,,,,,,,,,,,,,,,,,,,,,,,,,,,,,,,,,,,,,,,,,,,,,,,,,,,,,,,,,,,,,,,,,,,,,,,,,,,,,,,,,,,,,,,,,,,,,,,,,,,,,,,,,,,,,,,,,,,,,,,,,,,,,,,,,,,,,,,,,,,,,,,,,,,,,,,,,,,,,,,,,,,,,,,,,,,,,,,,,,,,,,,,,,,,,,,,,,,,,,,,,,,,,,,,,,,,,,,,,,,,,,,,,,,
3.65,3.65,3.67,3.665,3.69,3.68,3.67,3.645,3.63,3.61,3.6,3.6,3.61,3.635,3.625,3.63,3.645,3.635,3.635,3.635,3.63,3.65,3.635,3.635,3.635,3.625,3.63,3.645,3.635,3.625,3.625,3.62,3.63,3.615,3.625,3.625,3.625,3.605,3.61,3.605,3.605,3.6,,,,,,,,,,,,,,,,,,,,,,,,,,,,,,,,,,,,,,,,,,,,,,,,,,,,,,,,,,,,,,,,,,,,,,,,,,,,,,,,,,,,,,,,,,,,,,,,,,,,,,,,,,,,,,,,,,,,,,,,,,,,,,,,,,,,,,,,,,,,,,,,,,,,,,,,,,,,,,,,,,,,,,,,,,,,,,,,,,,,,,,,,,,,,,,,,,,,,,,,,,,,,,,,,,,,,,,,,,,,,,,,,,,,,,,,,,,,,,,,,,,,,,,,,,,,,,,,,,
3.625,3.63,3.615,3.615,3.605,3.63,3.625,3.605,3.62,3.64,3.645,3.645,3.62,3.595,3.55,3.56,3.545,3.555,3.545,3.53,3.545,3.505,3.52,3.5,3.48,3.49,3.495,3.48,3.485,3.48,3.5,3.505,3.5,3.5,3.495,3.515,3.505,3.505,3.5,,,,,,,,,,,,,,,,,,,,,,,,,,,,,,,,,,,,,,,,,,,,,,,,,,,,,,,,,,,,,,,,,,,,,,,,,,,,,,,,,,,,,,,,,,,,,,,,,,,,,,,,,,,,,,,,,,,,,,,,,,,,,,,,,,,,,,,,,,,,,,,,,,,,,,,,,,,,,,,,,,,,,,,,,,,,,,,,,,,,,,,,,,,,,,,,,,,,,,,,,,,,,,,,,,,,,,,,,,,,,,,,,,,,,,,,,,,,,,,,,,,,,,,,,,,,,,,,,,,,,
3.455,3.455,3.455,3.455,3.455,3.435,3.425,3.43,3.445,3.44,3.42,3.405,3.395,3.395,3.39,3.39,3.385,3.375,3.35,3.315,3.29,3.29,3.29,3.26,3.26,3.25,3.23,3.23,3.215,3.2,3.19,3.195,3.195,3.195,3.18,3.2,3.2,3.195,3.185,3.185,3.19,3.185,3.18,,,,,,,,,,,,,,,,,,,,,,,,,,,,,,,,,,,,,,,,,,,,,,,,,,,,,,,,,,,,,,,,,,,,,,,,,,,,,,,,,,,,,,,,,,,,,,,,,,,,,,,,,,,,,,,,,,,,,,,,,,,,,,,,,,,,,,,,,,,,,,,,,,,,,,,,,,,,,,,,,,,,,,,,,,,,,,,,,,,,,,,,,,,,,,,,,,,,,,,,,,,,,,,,,,,,,,,,,,,,,,,,,,,,,,,,,,,,,,,,,,,,,,,,,,,,,,,,,
3.57,3.555,3.535,3.555,3.56,3.575,3.57,3.59,3.59,3.61,3.64,3.65,3.65,3.655,3.655,3.66,3.65,3.665,3.675,3.68,3.665,3.67,3.675,3.645,3.64,3.635,3.635,3.62,3.625,3.64,3.64,3.64,,,,,,,,,,,,,,,,,,,,,,,,,,,,,,,,,,,,,,,,,,,,,,,,,,,,,,,,,,,,,,,,,,,,,,,,,,,,,,,,,,,,,,,,,,,,,,,,,,,,,,,,,,,,,,,,,,,,,,,,,,,,,,,,,,,,,,,,,,,,,,,,,,,,,,,,,,,,,,,,,,,,,,,,,,,,,,,,,,,,,,,,,,,,,,,,,,,,,,,,,,,,,,,,,,,,,,,,,,,,,,,,,,,,,,,,,,,,,,,,,,,,,,,,,,,,,,,,,,,,,,,,,,,,
3.92,3.965,3.945,3.965,3.955,3.99,4.055,4.055,4.085,4.125,4.15,4.145,4.145,4.19,4.215,4.22,4.23,4.22,4.245,4.24,4.23,4.235,4.24,4.24,4.245,4.225,4.225,4.24,4.24,4.225,4.21,4.2,,,,,,,,,,,,,,,,,,,,,,,,,,,,,,,,,,,,,,,,,,,,,,,,,,,,,,,,,,,,,,,,,,,,,,,,,,,,,,,,,,,,,,,,,,,,,,,,,,,,,,,,,,,,,,,,,,,,,,,,,,,,,,,,,,,,,,,,,,,,,,,,,,,,,,,,,,,,,,,,,,,,,,,,,,,,,,,,,,,,,,,,,,,,,,,,,,,,,,,,,,,,,,,,,,,,,,,,,,,,,,,,,,,,,,,,,,,,,,,,,,,,,,,,,,,,,,,,,,,,,,,,,,,,
3.655,3.655,3.635,3.655,3.66,3.66,3.67,3.655,3.685,3.685,3.715,3.71,3.755,3.75,3.77,3.75,3.755,3.745,3.75,3.735,3.715,3.71,3.71,3.715,3.705,3.685,3.655,3.645,3.63,3.63,3.63,3.64,3.64,3.645,3.66,3.66,,,,,,,,,,,,,,,,,,,,,,,,,,,,,,,,,,,,,,,,,,,,,,,,,,,,,,,,,,,,,,,,,,,,,,,,,,,,,,,,,,,,,,,,,,,,,,,,,,,,,,,,,,,,,,,,,,,,,,,,,,,,,,,,,,,,,,,,,,,,,,,,,,,,,,,,,,,,,,,,,,,,,,,,,,,,,,,,,,,,,,,,,,,,,,,,,,,,,,,,,,,,,,,,,,,,,,,,,,,,,,,,,,,,,,,,,,,,,,,,,,,,,,,,,,,,,,,,,,,,,,,,
3.83,3.835,3.84,3.855,3.91,3.91,3.9,3.91,3.925,3.925,3.89,3.87,3.885,3.87,3.9,3.92,3.915,3.93,3.945,3.94,3.945,3.94,3.925,3.905,3.915,3.92,3.93,3.925,3.92,3.94,3.93,3.94,3.94,3.95,3.96,3.96,3.98,3.98,,,,,,,,,,,,,,,,,,,,,,,,,,,,,,,,,,,,,,,,,,,,,,,,,,,,,,,,,,,,,,,,,,,,,,,,,,,,,,,,,,,,,,,,,,,,,,,,,,,,,,,,,,,,,,,,,,,,,,,,,,,,,,,,,,,,,,,,,,,,,,,,,,,,,,,,,,,,,,,,,,,,,,,,,,,,,,,,,,,,,,,,,,,,,,,,,,,,,,,,,,,,,,,,,,,,,,,,,,,,,,,,,,,,,,,,,,,,,,,,,,,,,,,,,,,,,,,,,,,,,,
3.975,3.99,3.96,3.98,3.99,3.97,3.955,3.965,3.97,3.96,3.95,3.945,3.945,3.95,3.91,3.91,3.885,3.87,3.87,3.86,3.845,3.825,3.82,3.825,3.84,3.82,3.825,3.82,3.815,,,,,,,,,,,,,,,,,,,,,,,,,,,,,,,,,,,,,,,,,,,,,,,,,,,,,,,,,,,,,,,,,,,,,,,,,,,,,,,,,,,,,,,,,,,,,,,,,,,,,,,,,,,,,,,,,,,,,,,,,,,,,,,,,,,,,,,,,,,,,,,,,,,,,,,,,,,,,,,,,,,,,,,,,,,,,,,,,,,,,,,,,,,,,,,,,,,,,,,,,,,,,,,,,,,,,,,,,,,,,,,,,,,,,,,,,,,,,,,,,,,,,,,,,,,,,,,,,,,,,,,,,,,,,,,
3.995,4.03,4.02,4.01,4.05,4.05,4.06,4.055,4.08,4.075,4.07,4.035,4.04,4.03,4.04,4.04,4.025,4.03,4.045,4.07,4.075,4.06,4.05,4.045,4.065,4.06,4.045,4.05,4.03,4.025,4.015,4.02,4.015,4.01,4.015,4.025,4.015,4.01,3.975,,,,,,,,,,,,,,,,,,,,,,,,,,,,,,,,,,,,,,,,,,,,,,,,,,,,,,,,,,,,,,,,,,,,,,,,,,,,,,,,,,,,,,,,,,,,,,,,,,,,,,,,,,,,,,,,,,,,,,,,,,,,,,,,,,,,,,,,,,,,,,,,,,,,,,,,,,,,,,,,,,,,,,,,,,,,,,,,,,,,,,,,,,,,,,,,,,,,,,,,,,,,,,,,,,,,,,,,,,,,,,,,,,,,,,,,,,,,,,,,,,,,,,,,,,,,,,,,,,,,,
3.81,3.83,3.855,3.86,3.85,3.855,3.85,3.835,3.865,3.875,3.87,3.875,3.905,3.92,3.925,3.935,3.95,3.96,3.965,3.985,4.0,4.02,4.05,4.03,4.035,4.05,4.055,4.04,4.045,4.035,4.055,4.06,4.07,4.065,4.06,,,,,,,,,,,,,,,,,,,,,,,,,,,,,,,,,,,,,,,,,,,,,,,,,,,,,,,,,,,,,,,,,,,,,,,,,,,,,,,,,,,,,,,,,,,,,,,,,,,,,,,,,,,,,,,,,,,,,,,,,,,,,,,,,,,,,,,,,,,,,,,,,,,,,,,,,,,,,,,,,,,,,,,,,,,,,,,,,,,,,,,,,,,,,,,,,,,,,,,,,,,,,,,,,,,,,,,,,,,,,,,,,,,,,,,,,,,,,,,,,,,,,,,,,,,,,,,,,,,,,,,,,
3.77,3.775,3.79,3.785,3.785,3.78,3.79,3.795,3.77,3.755,3.76,3.765,3.77,3.765,3.755,3.76,3.75,3.74,3.745,3.735,3.74,3.75,3.755,3.745,3.735,3.735,3.745,3.735,3.72,3.72,3.73,3.73,3.73,3.735,3.735,3.72,,,,,,,,,,,,,,,,,,,,,,,,,,,,,,,,,,,,,,,,,,,,,,,,,,,,,,,,,,,,,,,,,,,,,,,,,,,,,,,,,,,,,,,,,,,,,,,,,,,,,,,,,,,,,,,,,,,,,,,,,,,,,,,,,,,,,,,,,,,,,,,,,,,,,,,,,,,,,,,,,,,,,,,,,,,,,,,,,,,,,,,,,,,,,,,,,,,,,,,,,,,,,,,,,,,,,,,,,,,,,,,,,,,,,,,,,,,,,,,,,,,,,,,,,,,,,,,,,,,,,,,,
4.005,4.01,4.015,4.0,4.02,4.05,4.03,4.02,4.02,4.025,4.015,4.06,4.05,4.055,4.06,4.05,4.08,4.09,4.09,4.08,4.08,4.085,4.065,4.08,4.095,4.1,4.095,4.105,4.105,4.105,4.105,4.11,4.12,4.11,4.11,4.1,4.1,,,,,,,,,,,,,,,,,,,,,,,,,,,,,,,,,,,,,,,,,,,,,,,,,,,,,,,,,,,,,,,,,,,,,,,,,,,,,,,,,,,,,,,,,,,,,,,,,,,,,,,,,,,,,,,,,,,,,,,,,,,,,,,,,,,,,,,,,,,,,,,,,,,,,,,,,,,,,,,,,,,,,,,,,,,,,,,,,,,,,,,,,,,,,,,,,,,,,,,,,,,,,,,,,,,,,,,,,,,,,,,,,,,,,,,,,,,,,,,,,,,,,,,,,,,,,,,,,,,,,,,
3.8,3.8,3.81,3.805,3.805,3.805,3.78,3.785,3.805,3.795,3.77,3.77,3.79,3.795,3.805,3.785,3.78,3.78,3.785,3.77,3.78,3.775,3.775,3.77,3.77,3.75,3.765,3.755,3.76,3.765,3.755,3.745,3.755,3.74,3.74,3.735,3.72,3.715,,,,,,,,,,,,,,,,,,,,,,,,,,,,,,,,,,,,,,,,,,,,,,,,,,,,,,,,,,,,,,,,,,,,,,,,,,,,,,,,,,,,,,,,,,,,,,,,,,,,,,,,,,,,,,,,,,,,,,,,,,,,,,,,,,,,,,,,,,,,,,,,,,,,,,,,,,,,,,,,,,,,,,,,,,,,,,,,,,,,,,,,,,,,,,,,,,,,,,,,,,,,,,,,,,,,,,,,,,,,,,,,,,,,,,,,,,,,,,,,,,,,,,,,,,,,,,,,,,,,,,
3.64,3.645,3.66,3.635,3.6,3.605,3.625,3.635,3.655,3.62,3.575,3.57,3.58,3.6,3.58,3.57,3.57,3.565,3.56,3.56,3.565,3.565,3.57,3.57,3.575,3.585,3.585,3.62,3.64,3.65,3.645,3.64,3.655,3.665,3.665,3.67,3.685,,,,,,,,,,,,,,,,,,,,,,,,,,,,,,,,,,,,,,,,,,,,,,,,,,,,,,,,,,,,,,,,,,,,,,,,,,,,,,,,,,,,,,,,,,,,,,,,,,,,,,,,,,,,,,,,,,,,,,,,,,,,,,,,,,,,,,,,,,,,,,,,,,,,,,,,,,,,,,,,,,,,,,,,,,,,,,,,,,,,,,,,,,,,,,,,,,,,,,,,,,,,,,,,,,,,,,,,,,,,,,,,,,,,,,,,,,,,,,,,,,,,,,,,,,,,,,,,,,,,,,,
3.595,3.62,3.625,3.65,3.655,3.64,3.65,3.63,3.64,3.645,3.665,3.675,3.7,3.71,3.725,3.725,3.745,3.735,3.74,3.755,3.77,3.75,3.745,3.735,3.73,3.71,3.7,3.68,3.675,3.665,3.66,3.66,3.665,3.66,3.66,3.65,3.655,3.66,3.65,3.645,3.63,3.635,3.645,,,,,,,,,,,,,,,,,,,,,,,,,,,,,,,,,,,,,,,,,,,,,,,,,,,,,,,,,,,,,,,,,,,,,,,,,,,,,,,,,,,,,,,,,,,,,,,,,,,,,,,,,,,,,,,,,,,,,,,,,,,,,,,,,,,,,,,,,,,,,,,,,,,,,,,,,,,,,,,,,,,,,,,,,,,,,,,,,,,,,,,,,,,,,,,,,,,,,,,,,,,,,,,,,,,,,,,,,,,,,,,,,,,,,,,,,,,,,,,,,,,,,,,,,,,,,,,,,
3.835,3.835,3.78,3.8,3.795,3.78,3.75,3.73,3.75,3.755,3.765,3.705,3.695,3.695,3.695,3.67,3.655,3.67,3.67,3.675,3.665,3.685,3.69,3.705,3.72,3.74,3.74,3.705,3.705,3.675,3.67,3.655,3.645,3.65,,,,,,,,,,,,,,,,,,,,,,,,,,,,,,,,,,,,,,,,,,,,,,,,,,,,,,,,,,,,,,,,,,,,,,,,,,,,,,,,,,,,,,,,,,,,,,,,,,,,,,,,,,,,,,,,,,,,,,,,,,,,,,,,,,,,,,,,,,,,,,,,,,,,,,,,,,,,,,,,,,,,,,,,,,,,,,,,,,,,,,,,,,,,,,,,,,,,,,,,,,,,,,,,,,,,,,,,,,,,,,,,,,,,,,,,,,,,,,,,,,,,,,,,,,,,,,,,,,,,,,,,,,
4.005,3.965,3.96,3.955,3.97,3.955,3.945,3.95,3.96,3.975,3.985,4.02,4.015,4.03,4.02,4.01,4.01,4.035,4.03,4.025,4.045,4.03,4.0,3.995,3.99,4.005,4.005,3.98,3.97,3.95,3.95,3.94,3.935,3.945,,,,,,,,,,,,,,,,,,,,,,,,,,,,,,,,,,,,,,,,,,,,,,,,,,,,,,,,,,,,,,,,,,,,,,,,,,,,,,,,,,,,,,,,,,,,,,,,,,,,,,,,,,,,,,,,,,,,,,,,,,,,,,,,,,,,,,,,,,,,,,,,,,,,,,,,,,,,,,,,,,,,,,,,,,,,,,,,,,,,,,,,,,,,,,,,,,,,,,,,,,,,,,,,,,,,,,,,,,,,,,,,,,,,,,,,,,,,,,,,,,,,,,,,,,,,,,,,,,,,,,,,,,
3.605,3.635,3.615,3.625,3.615,3.64,3.655,3.67,3.695,3.72,3.7,3.71,3.72,3.725,3.735,3.73,3.735,3.745,3.75,3.735,3.715,3.7,3.69,3.695,3.715,3.72,3.73,3.71,3.725,3.715,3.73,3.73,3.72,3.735,3.74,3.72,3.725,3.725,,,,,,,,,,,,,,,,,,,,,,,,,,,,,,,,,,,,,,,,,,,,,,,,,,,,,,,,,,,,,,,,,,,,,,,,,,,,,,,,,,,,,,,,,,,,,,,,,,,,,,,,,,,,,,,,,,,,,,,,,,,,,,,,,,,,,,,,,,,,,,,,,,,,,,,,,,,,,,,,,,,,,,,,,,,,,,,,,,,,,,,,,,,,,,,,,,,,,,,,,,,,,,,,,,,,,,,,,,,,,,,,,,,,,,,,,,,,,,,,,,,,,,,,,,,,,,,,,,,,,,
4.075,4.065,4.075,4.09,4.085,4.09,4.115,4.135,4.125,4.105,4.095,4.065,4.055,4.04,4.03,4.04,4.025,4.04,4.015,4.045,4.04,4.025,4.025,4.03,4.02,4.015,4.01,3.995,3.97,3.99,3.975,3.985,4.0,4.0,3.995,3.99,3.98,3.985,3.965,,,,,,,,,,,,,,,,,,,,,,,,,,,,,,,,,,,,,,,,,,,,,,,,,,,,,,,,,,,,,,,,,,,,,,,,,,,,,,,,,,,,,,,,,,,,,,,,,,,,,,,,,,,,,,,,,,,,,,,,,,,,,,,,,,,,,,,,,,,,,,,,,,,,,,,,,,,,,,,,,,,,,,,,,,,,,,,,,,,,,,,,,,,,,,,,,,,,,,,,,,,,,,,,,,,,,,,,,,,,,,,,,,,,,,,,,,,,,,,,,,,,,,,,,,,,,,,,,,,,,
3.665,3.62,3.64,3.65,3.665,3.67,3.675,3.66,3.68,3.685,3.68,3.69,3.7,3.695,3.665,3.69,3.69,3.715,3.73,3.73,3.75,3.73,3.72,3.73,3.725,3.74,3.75,3.735,3.725,3.705,3.72,3.71,3.715,,,,,,,,,,,,,,,,,,,,,,,,,,,,,,,,,,,,,,,,,,,,,,,,,,,,,,,,,,,,,,,,,,,,,,,,,,,,,,,,,,,,,,,,,,,,,,,,,,,,,,,,,,,,,,,,,,,,,,,,,,,,,,,,,,,,,,,,,,,,,,,,,,,,,,,,,,,,,,,,,,,,,,,,,,,,,,,,,,,,,,,,,,,,,,,,,,,,,,,,,,,,,,,,,,,,,,,,,,,,,,,,,,,,,,,,,,,,,,,,,,,,,,,,,,,,,,,,,,,,,,,,,,,
3.575,3.57,3.565,3.57,3.57,3.545,3.58,3.575,3.59,3.595,3.57,3.54,3.56,3.56,3.545,3.54,3.55,3.555,3.545,3.53,3.54,3.535,3.525,3.53,3.515,3.52,3.495,3.51,3.51,3.51,3.52,3.52,3.525,3.515,3.51,3.5,3.5,3.49,3.475,,,,,,,,,,,,,,,,,,,,,,,,,,,,,,,,,,,,,,,,,,,,,,,,,,,,,,,,,,,,,,,,,,,,,,,,,,,,,,,,,,,,,,,,,,,,,,,,,,,,,,,,,,,,,,,,,,,,,,,,,,,,,,,,,,,,,,,,,,,,,,,,,,,,,,,,,,,,,,,,,,,,,,,,,,,,,,,,,,,,,,,,,,,,,,,,,,,,,,,,,,,,,,,,,,,,,,,,,,,,,,,,,,,,,,,,,,,,,,,,,,,,,,,,,,,,,,,,,,,,,
4.08,4.08,4.065,4.06,4.06,4.055,4.045,4.05,4.04,4.005,4.0,3.99,3.975,3.99,3.955,3.96,3.935,3.955,3.95,3.94,3.935,3.93,3.945,3.915,3.915,3.9,3.9,3.875,3.89,3.9,3.885,3.885,3.895,3.895,,,,,,,,,,,,,,,,,,,,,,,,,,,,,,,,,,,,,,,,,,,,,,,,,,,,,,,,,,,,,,,,,,,,,,,,,,,,,,,,,,,,,,,,,,,,,,,,,,,,,,,,,,,,,,,,,,,,,,,,,,,,,,,,,,,,,,,,,,,,,,,,,,,,,,,,,,,,,,,,,,,,,,,,,,,,,,,,,,,,,,,,,,,,,,,,,,,,,,,,,,,,,,,,,,,,,,,,,,,,,,,,,,,,,,,,,,,,,,,,,,,,,,,,,,,,,,,,,,,,,,,,,,
3.295,3.305,3.32,3.335,3.325,3.305,3.32,3.32,3.305,3.31,3.35,3.31,3.315,3.315,3.32,3.3,3.35,3.34,3.35,3.345,3.355,3.365,3.355,3.365,3.385,3.38,3.42,3.42,3.455,3.48,3.495,3.495,3.505,3.51,,,,,,,,,,,,,,,,,,,,,,,,,,,,,,,,,,,,,,,,,,,,,,,,,,,,,,,,,,,,,,,,,,,,,,,,,,,,,,,,,,,,,,,,,,,,,,,,,,,,,,,,,,,,,,,,,,,,,,,,,,,,,,,,,,,,,,,,,,,,,,,,,,,,,,,,,,,,,,,,,,,,,,,,,,,,,,,,,,,,,,,,,,,,,,,,,,,,,,,,,,,,,,,,,,,,,,,,,,,,,,,,,,,,,,,,,,,,,,,,,,,,,,,,,,,,,,,,,,,,,,,,,,
4.22,4.18,4.165,4.195,4.19,4.175,4.18,4.175,4.15,4.155,4.16,4.16,4.17,4.16,4.175,4.185,4.22,4.205,4.205,4.2,4.19,4.18,4.19,4.195,4.195,4.19,4.17,4.17,4.155,4.18,4.19,4.195,4.205,4.205,,,,,,,,,,,,,,,,,,,,,,,,,,,,,,,,,,,,,,,,,,,,,,,,,,,,,,,,,,,,,,,,,,,,,,,,,,,,,,,,,,,,,,,,,,,,,,,,,,,,,,,,,,,,,,,,,,,,,,,,,,,,,,,,,,,,,,,,,,,,,,,,,,,,,,,,,,,,,,,,,,,,,,,,,,,,,,,,,,,,,,,,,,,,,,,,,,,,,,,,,,,,,,,,,,,,,,,,,,,,,,,,,,,,,,,,,,,,,,,,,,,,,,,,,,,,,,,,,,,,,,,,,,
3.795,3.775,3.79,3.755,3.705,3.7,3.73,3.74,3.74,3.785,3.755,3.74,3.74,3.735,3.71,3.72,3.705,3.705,3.73,3.745,3.725,3.715,3.7,3.69,3.7,3.7,3.71,3.71,3.72,3.685,3.67,3.67,3.65,3.645,3.66,3.66,3.63,,,,,,,,,,,,,,,,,,,,,,,,,,,,,,,,,,,,,,,,,,,,,,,,,,,,,,,,,,,,,,,,,,,,,,,,,,,,,,,,,,,,,,,,,,,,,,,,,,,,,,,,,,,,,,,,,,,,,,,,,,,,,,,,,,,,,,,,,,,,,,,,,,,,,,,,,,,,,,,,,,,,,,,,,,,,,,,,,,,,,,,,,,,,,,,,,,,,,,,,,,,,,,,,,,,,,,,,,,,,,,,,,,,,,,,,,,,,,,,,,,,,,,,,,,,,,,,,,,,,,,,
3.845,3.825,3.805,3.805,3.8,3.8,3.785,3.785,3.775,3.77,3.77,3.775,3.775,3.755,3.72,3.695,3.705,3.68,3.675,3.66,3.65,3.685,3.665,3.69,3.7,3.705,3.665,3.65,3.66,3.635,3.645,3.63,3.635,3.64,3.635,3.635,3.63,3.62,3.625,3.61,3.615,3.63,3.65,3.645,3.64,3.645,3.635,,,,,,,,,,,,,,,,,,,,,,,,,,,,,,,,,,,,,,,,,,,,,,,,,,,,,,,,,,,,,,,,,,,,,,,,,,,,,,,,,,,,,,,,,,,,,,,,,,,,,,,,,,,,,,,,,,,,,,,,,,,,,,,,,,,,,,,,,,,,,,,,,,,,,,,,,,,,,,,,,,,,,,,,,,,,,,,,,,,,,,,,,,,,,,,,,,,,,,,,,,,,,,,,,,,,,,,,,,,,,,,,,,,,,,,,,,,,,,,,,,,,,,,,,,,,,
3.57,3.565,3.55,3.56,3.55,3.53,3.515,3.515,3.49,3.54,3.515,3.495,3.515,3.485,3.48,3.465,3.445,3.445,3.435,3.42,3.41,3.41,3.405,3.4,3.41,3.435,3.435,3.44,3.435,3.43,3.44,3.45,3.46,3.455,3.45,3.46,3.455,3.465,3.48,3.46,,,,,,,,,,,,,,,,,,,,,,,,,,,,,,,,,,,,,,,,,,,,,,,,,,,,,,,,,,,,,,,,,,,,,,,,,,,,,,,,,,,,,,,,,,,,,,,,,,,,,,,,,,,,,,,,,,,,,,,,,,,,,,,,,,,,,,,,,,,,,,,,,,,,,,,,,,,,,,,,,,,,,,,,,,,,,,,,,,,,,,,,,,,,,,,,,,,,,,,,,,,,,,,,,,,,,,,,,,,,,,,,,,,,,,,,,,,,,,,,,,,,,,,,,,,,,,,,,,,,
3.93,3.92,3.94,3.92,3.93,3.9,3.875,3.855,3.855,3.85,3.855,3.855,3.845,3.85,3.875,3.89,3.88,3.9,3.925,3.93,3.935,3.955,3.975,3.955,3.945,3.95,3.96,3.945,3.925,3.895,3.905,3.925,3.915,3.905,3.905,3.91,3.92,3.925,3.93,3.92,3.915,3.915,3.92,3.92,3.93,3.92,3.935,3.93,3.925,3.93,3.905,3.895,3.9,3.895,3.895,3.895,3.875,3.875,3.87,3.88,3.87,3.875,3.86,3.88,3.87,,,,,,,,,,,,,,,,,,,,,,,,,,,,,,,,,,,,,,,,,,,,,,,,,,,,,,,,,,,,,,,,,,,,,,,,,,,,,,,,,,,,,,,,,,,,,,,,,,,,,,,,,,,,,,,,,,,,,,,,,,,,,,,,,,,,,,,,,,,,,,,,,,,,,,,,,,,,,,,,,,,,,,,,,,,,,,,,,,,,,,,,,,,,,,,,,,,,,,,,,,,,,,,,,,,,,,,,,,,,,,,,,,,,,,,,,,,
4.16,4.175,4.195,4.185,4.135,4.11,4.145,4.145,4.145,4.145,4.14,4.145,4.115,4.085,4.1,4.09,4.085,4.065,4.065,4.07,4.085,4.05,4.055,4.02,4.005,4.025,4.015,3.99,3.955,3.96,3.98,3.97,3.97,3.995,3.99,3.97,3.96,3.96,,,,,,,,,,,,,,,,,,,,,,,,,,,,,,,,,,,,,,,,,,,,,,,,,,,,,,,,,,,,,,,,,,,,,,,,,,,,,,,,,,,,,,,,,,,,,,,,,,,,,,,,,,,,,,,,,,,,,,,,,,,,,,,,,,,,,,,,,,,,,,,,,,,,,,,,,,,,,,,,,,,,,,,,,,,,,,,,,,,,,,,,,,,,,,,,,,,,,,,,,,,,,,,,,,,,,,,,,,,,,,,,,,,,,,,,,,,,,,,,,,,,,,,,,,,,,,,,,,,,,,
3.77,3.78,3.815,3.79,3.79,3.795,3.785,3.79,3.785,3.78,3.775,3.75,3.735,3.73,3.725,3.725,3.725,3.74,3.75,3.75,3.735,3.755,3.755,3.74,3.735,3.73,3.74,3.745,3.755,3.745,,,,,,,,,,,,,,,,,,,,,,,,,,,,,,,,,,,,,,,,,,,,,,,,,,,,,,,,,,,,,,,,,,,,,,,,,,,,,,,,,,,,,,,,,,,,,,,,,,,,,,,,,,,,,,,,,,,,,,,,,,,,,,,,,,,,,,,,,,,,,,,,,,,,,,,,,,,,,,,,,,,,,,,,,,,,,,,,,,,,,,,,,,,,,,,,,,,,,,,,,,,,,,,,,,,,,,,,,,,,,,,,,,,,,,,,,,,,,,,,,,,,,,,,,,,,,,,,,,,,,,,,,,,,,,
3.96,3.945,3.975,3.97,3.97,3.98,3.96,3.96,3.965,3.955,3.955,3.93,3.92,3.905,3.925,3.9,3.87,3.86,3.855,3.855,3.87,3.855,3.88,3.875,3.86,3.86,3.875,3.89,3.875,3.875,3.885,3.89,3.895,3.885,3.865,3.86,3.875,3.865,,,,,,,,,,,,,,,,,,,,,,,,,,,,,,,,,,,,,,,,,,,,,,,,,,,,,,,,,,,,,,,,,,,,,,,,,,,,,,,,,,,,,,,,,,,,,,,,,,,,,,,,,,,,,,,,,,,,,,,,,,,,,,,,,,,,,,,,,,,,,,,,,,,,,,,,,,,,,,,,,,,,,,,,,,,,,,,,,,,,,,,,,,,,,,,,,,,,,,,,,,,,,,,,,,,,,,,,,,,,,,,,,,,,,,,,,,,,,,,,,,,,,,,,,,,,,,,,,,,,,,
3.59,3.575,3.535,3.54,3.54,3.56,3.555,3.58,3.565,3.575,3.59,3.61,3.615,3.655,3.66,3.67,3.655,3.655,3.655,3.645,3.625,3.615,3.605,3.625,3.615,3.61,3.625,3.63,3.635,3.65,3.65,3.655,3.685,3.66,3.655,3.66,3.675,,,,,,,,,,,,,,,,,,,,,,,,,,,,,,,,,,,,,,,,,,,,,,,,,,,,,,,,,,,,,,,,,,,,,,,,,,,,,,,,,,,,,,,,,,,,,,,,,,,,,,,,,,,,,,,,,,,,,,,,,,,,,,,,,,,,,,,,,,,,,,,,,,,,,,,,,,,,,,,,,,,,,,,,,,,,,,,,,,,,,,,,,,,,,,,,,,,,,,,,,,,,,,,,,,,,,,,,,,,,,,,,,,,,,,,,,,,,,,,,,,,,,,,,,,,,,,,,,,,,,,,
3.91,3.9,3.87,3.89,3.89,3.865,3.875,3.87,3.87,3.84,3.85,3.86,3.87,3.865,3.875,3.88,3.84,3.85,3.865,3.87,3.88,3.85,3.865,3.86,3.85,3.855,3.855,3.84,3.825,3.8,3.79,3.785,3.775,3.785,,,,,,,,,,,,,,,,,,,,,,,,,,,,,,,,,,,,,,,,,,,,,,,,,,,,,,,,,,,,,,,,,,,,,,,,,,,,,,,,,,,,,,,,,,,,,,,,,,,,,,,,,,,,,,,,,,,,,,,,,,,,,,,,,,,,,,,,,,,,,,,,,,,,,,,,,,,,,,,,,,,,,,,,,,,,,,,,,,,,,,,,,,,,,,,,,,,,,,,,,,,,,,,,,,,,,,,,,,,,,,,,,,,,,,,,,,,,,,,,,,,,,,,,,,,,,,,,,,,,,,,,,,
3.945,3.95,3.94,3.975,4.015,4.005,4.04,4.02,4.02,4.035,4.05,4.04,4.07,4.145,4.145,4.115,4.12,4.13,4.13,4.12,4.105,4.08,4.08,4.115,4.11,4.115,4.115,4.11,4.11,4.125,4.14,,,,,,,,,,,,,,,,,,,,,,,,,,,,,,,,,,,,,,,,,,,,,,,,,,,,,,,,,,,,,,,,,,,,,,,,,,,,,,,,,,,,,,,,,,,,,,,,,,,,,,,,,,,,,,,,,,,,,,,,,,,,,,,,,,,,,,,,,,,,,,,,,,,,,,,,,,,,,,,,,,,,,,,,,,,,,,,,,,,,,,,,,,,,,,,,,,,,,,,,,,,,,,,,,,,,,,,,,,,,,,,,,,,,,,,,,,,,,,,,,,,,,,,,,,,,,,,,,,,,,,,,,,,,,
3.755,3.75,3.75,3.725,3.715,3.74,3.735,3.735,3.74,3.73,3.725,3.72,3.715,3.73,3.755,3.77,3.765,3.78,3.79,3.81,3.805,3.815,3.81,3.795,3.815,3.8,3.825,3.83,3.815,3.825,3.825,3.83,3.825,3.835,,,,,,,,,,,,,,,,,,,,,,,,,,,,,,,,,,,,,,,,,,,,,,,,,,,,,,,,,,,,,,,,,,,,,,,,,,,,,,,,,,,,,,,,,,,,,,,,,,,,,,,,,,,,,,,,,,,,,,,,,,,,,,,,,,,,,,,,,,,,,,,,,,,,,,,,,,,,,,,,,,,,,,,,,,,,,,,,,,,,,,,,,,,,,,,,,,,,,,,,,,,,,,,,,,,,,,,,,,,,,,,,,,,,,,,,,,,,,,,,,,,,,,,,,,,,,,,,,,,,,,,,,,
3.755,3.73,3.745,3.77,3.79,3.785,3.78,3.785,3.79,3.785,3.77,3.75,3.74,3.73,3.7,3.71,3.675,3.66,3.675,3.655,3.665,3.67,3.66,3.66,3.665,3.665,3.665,3.67,3.66,3.66,3.645,3.65,3.65,3.645,3.66,,,,,,,,,,,,,,,,,,,,,,,,,,,,,,,,,,,,,,,,,,,,,,,,,,,,,,,,,,,,,,,,,,,,,,,,,,,,,,,,,,,,,,,,,,,,,,,,,,,,,,,,,,,,,,,,,,,,,,,,,,,,,,,,,,,,,,,,,,,,,,,,,,,,,,,,,,,,,,,,,,,,,,,,,,,,,,,,,,,,,,,,,,,,,,,,,,,,,,,,,,,,,,,,,,,,,,,,,,,,,,,,,,,,,,,,,,,,,,,,,,,,,,,,,,,,,,,,,,,,,,,,,
4.29,4.3,4.28,4.26,4.265,4.25,4.21,4.22,4.245,4.23,4.23,4.26,4.275,4.255,4.26,4.265,4.25,4.245,4.245,4.25,4.22,4.17,4.17,4.18,4.18,4.175,4.18,4.21,4.22,4.21,4.21,4.22,4.25,4.245,4.27,4.25,4.25,4.265,4.25,4.24,4.245,4.225,,,,,,,,,,,,,,,,,,,,,,,,,,,,,,,,,,,,,,,,,,,,,,,,,,,,,,,,,,,,,,,,,,,,,,,,,,,,,,,,,,,,,,,,,,,,,,,,,,,,,,,,,,,,,,,,,,,,,,,,,,,,,,,,,,,,,,,,,,,,,,,,,,,,,,,,,,,,,,,,,,,,,,,,,,,,,,,,,,,,,,,,,,,,,,,,,,,,,,,,,,,,,,,,,,,,,,,,,,,,,,,,,,,,,,,,,,,,,,,,,,,,,,,,,,,,,,,,,,
4.295,4.27,4.26,4.255,4.285,4.285,4.27,4.21,4.185,4.185,4.185,4.215,4.195,4.19,4.195,4.205,4.2,4.205,4.22,4.225,4.22,4.205,4.2,4.19,4.17,4.165,4.16,4.18,4.185,4.17,4.17,4.16,4.16,4.145,4.155,4.145,4.125,4.115,4.125,,,,,,,,,,,,,,,,,,,,,,,,,,,,,,,,,,,,,,,,,,,,,,,,,,,,,,,,,,,,,,,,,,,,,,,,,,,,,,,,,,,,,,,,,,,,,,,,,,,,,,,,,,,,,,,,,,,,,,,,,,,,,,,,,,,,,,,,,,,,,,,,,,,,,,,,,,,,,,,,,,,,,,,,,,,,,,,,,,,,,,,,,,,,,,,,,,,,,,,,,,,,,,,,,,,,,,,,,,,,,,,,,,,,,,,,,,,,,,,,,,,,,,,,,,,,,,,,,,,,,
3.945,3.91,3.905,3.945,3.935,3.94,3.955,3.935,3.925,3.915,3.91,3.905,3.905,3.895,3.87,3.88,3.88,3.89,3.89,3.87,3.88,3.885,3.89,3.9,3.915,3.905,3.915,3.915,3.91,3.895,3.895,3.89,3.885,3.89,3.89,3.89,3.87,3.86,3.855,3.835,3.84,3.835,3.825,,,,,,,,,,,,,,,,,,,,,,,,,,,,,,,,,,,,,,,,,,,,,,,,,,,,,,,,,,,,,,,,,,,,,,,,,,,,,,,,,,,,,,,,,,,,,,,,,,,,,,,,,,,,,,,,,,,,,,,,,,,,,,,,,,,,,,,,,,,,,,,,,,,,,,,,,,,,,,,,,,,,,,,,,,,,,,,,,,,,,,,,,,,,,,,,,,,,,,,,,,,,,,,,,,,,,,,,,,,,,,,,,,,,,,,,,,,,,,,,,,,,,,,,,,,,,,,,,
3.41,3.415,3.415,3.425,3.44,3.445,3.45,3.475,3.475,3.48,3.44,3.43,3.425,3.41,3.395,3.38,3.38,3.365,3.375,3.385,3.38,3.37,3.33,3.345,3.33,3.31,3.305,3.295,3.3,3.295,3.315,3.31,3.305,,,,,,,,,,,,,,,,,,,,,,,,,,,,,,,,,,,,,,,,,,,,,,,,,,,,,,,,,,,,,,,,,,,,,,,,,,,,,,,,,,,,,,,,,,,,,,,,,,,,,,,,,,,,,,,,,,,,,,,,,,,,,,,,,,,,,,,,,,,,,,,,,,,,,,,,,,,,,,,,,,,,,,,,,,,,,,,,,,,,,,,,,,,,,,,,,,,,,,,,,,,,,,,,,,,,,,,,,,,,,,,,,,,,,,,,,,,,,,,,,,,,,,,,,,,,,,,,,,,,,,,,,,,
3.56,3.555,3.575,3.555,3.54,3.555,3.545,3.575,3.565,3.59,3.58,3.57,3.58,3.6,3.59,3.6,3.595,3.575,3.56,3.56,3.56,3.555,3.54,3.54,3.53,3.515,3.515,3.52,3.525,3.53,3.52,3.53,,,,,,,,,,,,,,,,,,,,,,,,,,,,,,,,,,,,,,,,,,,,,,,,,,,,,,,,,,,,,,,,,,,,,,,,,,,,,,,,,,,,,,,,,,,,,,,,,,,,,,,,,,,,,,,,,,,,,,,,,,,,,,,,,,,,,,,,,,,,,,,,,,,,,,,,,,,,,,,,,,,,,,,,,,,,,,,,,,,,,,,,,,,,,,,,,,,,,,,,,,,,,,,,,,,,,,,,,,,,,,,,,,,,,,,,,,,,,,,,,,,,,,,,,,,,,,,,,,,,,,,,,,,,
3.495,3.52,3.535,3.545,3.555,3.57,3.565,3.56,3.57,3.57,3.565,3.555,3.575,3.59,3.595,3.61,3.62,3.64,3.64,3.625,3.655,3.65,3.67,3.695,3.7,3.705,3.715,3.72,3.73,3.71,3.715,3.71,3.72,3.73,3.72,3.735,,,,,,,,,,,,,,,,,,,,,,,,,,,,,,,,,,,,,,,,,,,,,,,,,,,,,,,,,,,,,,,,,,,,,,,,,,,,,,,,,,,,,,,,,,,,,,,,,,,,,,,,,,,,,,,,,,,,,,,,,,,,,,,,,,,,,,,,,,,,,,,,,,,,,,,,,,,,,,,,,,,,,,,,,,,,,,,,,,,,,,,,,,,,,,,,,,,,,,,,,,,,,,,,,,,,,,,,,,,,,,,,,,,,,,,,,,,,,,,,,,,,,,,,,,,,,,,,,,,,,,,,
3.36,3.365,3.36,3.33,3.315,3.32,3.31,3.315,3.3,3.24,3.235,3.215,3.215,3.22,3.225,3.2,3.19,3.205,3.21,3.205,3.17,3.195,3.215,3.215,3.21,3.23,3.24,3.225,3.21,3.2,3.195,3.2,3.185,3.19,3.175,3.17,3.16,3.16,,,,,,,,,,,,,,,,,,,,,,,,,,,,,,,,,,,,,,,,,,,,,,,,,,,,,,,,,,,,,,,,,,,,,,,,,,,,,,,,,,,,,,,,,,,,,,,,,,,,,,,,,,,,,,,,,,,,,,,,,,,,,,,,,,,,,,,,,,,,,,,,,,,,,,,,,,,,,,,,,,,,,,,,,,,,,,,,,,,,,,,,,,,,,,,,,,,,,,,,,,,,,,,,,,,,,,,,,,,,,,,,,,,,,,,,,,,,,,,,,,,,,,,,,,,,,,,,,,,,,,
4.755,4.755,4.775,4.775,4.765,4.755,4.725,4.715,4.69,4.7,4.715,4.74,4.72,4.745,4.76,4.745,4.735,4.74,4.725,4.735,4.725,4.725,4.715,4.675,4.685,4.7,4.705,4.685,4.67,4.665,4.66,4.67,4.66,4.655,4.65,4.63,4.62,4.6,4.6,4.595,4.6,4.6,4.595,4.6,4.605,4.585,4.59,4.6,4.575,4.585,4.575,,,,,,,,,,,,,,,,,,,,,,,,,,,,,,,,,,,,,,,,,,,,,,,,,,,,,,,,,,,,,,,,,,,,,,,,,,,,,,,,,,,,,,,,,,,,,,,,,,,,,,,,,,,,,,,,,,,,,,,,,,,,,,,,,,,,,,,,,,,,,,,,,,,,,,,,,,,,,,,,,,,,,,,,,,,,,,,,,,,,,,,,,,,,,,,,,,,,,,,,,,,,,,,,,,,,,,,,,,,,,,,,,,,,,,,,,,,,,,,,,,,,,,,,,
3.935,3.965,3.94,3.925,3.925,3.935,3.93,3.915,3.915,3.915,3.92,3.895,3.915,3.88,3.86,3.855,3.85,3.845,3.845,3.83,3.835,3.86,3.845,3.87,3.83,3.83,3.835,3.825,3.84,3.81,3.79,3.78,3.81,3.805,3.82,3.825,3.825,3.83,3.83,3.825,,,,,,,,,,,,,,,,,,,,,,,,,,,,,,,,,,,,,,,,,,,,,,,,,,,,,,,,,,,,,,,,,,,,,,,,,,,,,,,,,,,,,,,,,,,,,,,,,,,,,,,,,,,,,,,,,,,,,,,,,,,,,,,,,,,,,,,,,,,,,,,,,,,,,,,,,,,,,,,,,,,,,,,,,,,,,,,,,,,,,,,,,,,,,,,,,,,,,,,,,,,,,,,,,,,,,,,,,,,,,,,,,,,,,,,,,,,,,,,,,,,,,,,,,,,,,,,,,,,,
3.615,3.605,3.62,3.59,3.595,3.59,3.58,3.57,3.585,3.575,3.585,3.58,3.58,3.59,3.58,3.57,3.565,3.595,3.61,3.625,3.605,3.595,3.59,3.59,3.595,3.58,3.59,3.595,3.58,3.56,3.57,3.565,3.565,3.575,3.58,3.555,3.565,3.56,3.53,3.545,3.54,,,,,,,,,,,,,,,,,,,,,,,,,,,,,,,,,,,,,,,,,,,,,,,,,,,,,,,,,,,,,,,,,,,,,,,,,,,,,,,,,,,,,,,,,,,,,,,,,,,,,,,,,,,,,,,,,,,,,,,,,,,,,,,,,,,,,,,,,,,,,,,,,,,,,,,,,,,,,,,,,,,,,,,,,,,,,,,,,,,,,,,,,,,,,,,,,,,,,,,,,,,,,,,,,,,,,,,,,,,,,,,,,,,,,,,,,,,,,,,,,,,,,,,,,,,,,,,,,,,
4.23,4.235,4.245,4.225,4.215,4.205,4.235,4.215,4.205,4.17,4.145,4.125,4.1,4.07,4.07,4.08,4.065,4.07,4.055,4.045,4.03,4.02,3.995,3.98,3.96,3.97,3.96,3.97,3.985,3.995,4.005,4.03,3.995,4.005,4.01,3.96,3.945,3.96,3.96,3.965,3.935,3.915,,,,,,,,,,,,,,,,,,,,,,,,,,,,,,,,,,,,,,,,,,,,,,,,,,,,,,,,,,,,,,,,,,,,,,,,,,,,,,,,,,,,,,,,,,,,,,,,,,,,,,,,,,,,,,,,,,,,,,,,,,,,,,,,,,,,,,,,,,,,,,,,,,,,,,,,,,,,,,,,,,,,,,,,,,,,,,,,,,,,,,,,,,,,,,,,,,,,,,,,,,,,,,,,,,,,,,,,,,,,,,,,,,,,,,,,,,,,,,,,,,,,,,,,,,,,,,,,,,
3.585,3.57,3.57,3.555,3.55,3.595,3.6,3.57,3.575,3.565,3.575,3.57,3.57,3.54,3.54,3.54,3.515,3.48,3.495,3.5,3.495,3.485,3.48,3.47,3.47,3.45,3.45,3.455,3.445,3.455,3.47,3.475,3.49,3.49,3.5,3.505,3.51,3.5,,,,,,,,,,,,,,,,,,,,,,,,,,,,,,,,,,,,,,,,,,,,,,,,,,,,,,,,,,,,,,,,,,,,,,,,,,,,,,,,,,,,,,,,,,,,,,,,,,,,,,,,,,,,,,,,,,,,,,,,,,,,,,,,,,,,,,,,,,,,,,,,,,,,,,,,,,,,,,,,,,,,,,,,,,,,,,,,,,,,,,,,,,,,,,,,,,,,,,,,,,,,,,,,,,,,,,,,,,,,,,,,,,,,,,,,,,,,,,,,,,,,,,,,,,,,,,,,,,,,,,
3.875,3.87,3.86,3.84,3.865,3.89,3.915,3.91,3.855,3.86,3.85,3.825,3.82,3.8,3.81,3.81,3.8,3.835,3.825,3.825,3.83,3.85,3.86,3.86,3.845,3.82,3.87,3.88,3.895,3.9,3.91,3.915,3.91,3.9,,,,,,,,,,,,,,,,,,,,,,,,,,,,,,,,,,,,,,,,,,,,,,,,,,,,,,,,,,,,,,,,,,,,,,,,,,,,,,,,,,,,,,,,,,,,,,,,,,,,,,,,,,,,,,,,,,,,,,,,,,,,,,,,,,,,,,,,,,,,,,,,,,,,,,,,,,,,,,,,,,,,,,,,,,,,,,,,,,,,,,,,,,,,,,,,,,,,,,,,,,,,,,,,,,,,,,,,,,,,,,,,,,,,,,,,,,,,,,,,,,,,,,,,,,,,,,,,,,,,,,,,,,
4.315,4.32,4.34,4.32,4.335,4.345,4.39,4.385,4.395,4.415,4.395,4.385,4.38,4.365,4.36,4.37,4.36,4.37,4.355,4.34,4.35,4.35,4.335,4.335,4.32,4.315,4.315,4.31,4.295,4.305,4.305,4.325,4.33,4.32,4.3,4.305,4.295,4.295,4.31,4.3,4.305,4.295,4.3,,,,,,,,,,,,,,,,,,,,,,,,,,,,,,,,,,,,,,,,,,,,,,,,,,,,,,,,,,,,,,,,,,,,,,,,,,,,,,,,,,,,,,,,,,,,,,,,,,,,,,,,,,,,,,,,,,,,,,,,,,,,,,,,,,,,,,,,,,,,,,,,,,,,,,,,,,,,,,,,,,,,,,,,,,,,,,,,,,,,,,,,,,,,,,,,,,,,,,,,,,,,,,,,,,,,,,,,,,,,,,,,,,,,,,,,,,,,,,,,,,,,,,,,,,,,,,,,,
3.375,3.385,3.385,3.38,3.39,3.385,3.43,3.425,3.435,3.435,3.46,3.465,3.47,3.455,3.475,3.505,3.52,3.515,3.54,3.53,3.505,3.505,3.505,3.52,3.515,3.53,3.555,3.56,3.56,3.56,3.545,3.56,3.53,3.525,3.535,3.55,3.545,,,,,,,,,,,,,,,,,,,,,,,,,,,,,,,,,,,,,,,,,,,,,,,,,,,,,,,,,,,,,,,,,,,,,,,,,,,,,,,,,,,,,,,,,,,,,,,,,,,,,,,,,,,,,,,,,,,,,,,,,,,,,,,,,,,,,,,,,,,,,,,,,,,,,,,,,,,,,,,,,,,,,,,,,,,,,,,,,,,,,,,,,,,,,,,,,,,,,,,,,,,,,,,,,,,,,,,,,,,,,,,,,,,,,,,,,,,,,,,,,,,,,,,,,,,,,,,,,,,,,,,
3.77,3.74,3.68,3.69,3.665,3.675,3.655,3.64,3.655,3.65,3.64,3.645,3.655,3.63,3.625,3.59,3.585,3.595,3.605,3.58,3.58,3.57,3.57,3.555,3.55,3.535,3.545,3.525,3.5,3.48,3.485,3.485,3.485,3.485,3.475,3.475,,,,,,,,,,,,,,,,,,,,,,,,,,,,,,,,,,,,,,,,,,,,,,,,,,,,,,,,,,,,,,,,,,,,,,,,,,,,,,,,,,,,,,,,,,,,,,,,,,,,,,,,,,,,,,,,,,,,,,,,,,,,,,,,,,,,,,,,,,,,,,,,,,,,,,,,,,,,,,,,,,,,,,,,,,,,,,,,,,,,,,,,,,,,,,,,,,,,,,,,,,,,,,,,,,,,,,,,,,,,,,,,,,,,,,,,,,,,,,,,,,,,,,,,,,,,,,,,,,,,,,,,
3.47,3.5,3.48,3.46,3.46,3.455,3.5,3.515,3.5,3.5,3.495,3.515,3.52,3.515,3.535,3.545,3.555,3.555,3.57,3.58,3.58,3.585,3.595,3.585,3.59,3.605,3.605,3.62,3.63,3.64,3.635,3.635,3.645,3.65,3.645,3.65,3.66,,,,,,,,,,,,,,,,,,,,,,,,,,,,,,,,,,,,,,,,,,,,,,,,,,,,,,,,,,,,,,,,,,,,,,,,,,,,,,,,,,,,,,,,,,,,,,,,,,,,,,,,,,,,,,,,,,,,,,,,,,,,,,,,,,,,,,,,,,,,,,,,,,,,,,,,,,,,,,,,,,,,,,,,,,,,,,,,,,,,,,,,,,,,,,,,,,,,,,,,,,,,,,,,,,,,,,,,,,,,,,,,,,,,,,,,,,,,,,,,,,,,,,,,,,,,,,,,,,,,,,,
3.925,3.93,3.97,3.98,3.96,3.98,4.005,3.995,4.01,3.99,4.005,4.0,4.01,4.005,4.035,4.045,4.055,4.045,4.07,4.075,4.075,4.08,4.095,4.09,4.1,4.1,4.105,4.115,4.11,4.115,4.125,4.13,4.145,4.13,4.13,4.135,4.16,4.15,4.15,4.155,4.16,4.145,4.145,4.15,,,,,,,,,,,,,,,,,,,,,,,,,,,,,,,,,,,,,,,,,,,,,,,,,,,,,,,,,,,,,,,,,,,,,,,,,,,,,,,,,,,,,,,,,,,,,,,,,,,,,,,,,,,,,,,,,,,,,,,,,,,,,,,,,,,,,,,,,,,,,,,,,,,,,,,,,,,,,,,,,,,,,,,,,,,,,,,,,,,,,,,,,,,,,,,,,,,,,,,,,,,,,,,,,,,,,,,,,,,,,,,,,,,,,,,,,,,,,,,,,,,,,,,,,,,,,,,,
3.455,3.48,3.5,3.5,3.51,3.545,3.56,3.605,3.595,3.61,3.605,3.625,3.63,3.62,3.63,3.63,3.6,3.61,3.63,3.64,3.64,3.63,3.635,3.65,3.64,3.645,3.67,3.68,3.675,3.66,3.665,3.665,3.65,3.645,3.67,3.66,3.67,3.655,3.655,3.68,,,,,,,,,,,,,,,,,,,,,,,,,,,,,,,,,,,,,,,,,,,,,,,,,,,,,,,,,,,,,,,,,,,,,,,,,,,,,,,,,,,,,,,,,,,,,,,,,,,,,,,,,,,,,,,,,,,,,,,,,,,,,,,,,,,,,,,,,,,,,,,,,,,,,,,,,,,,,,,,,,,,,,,,,,,,,,,,,,,,,,,,,,,,,,,,,,,,,,,,,,,,,,,,,,,,,,,,,,,,,,,,,,,,,,,,,,,,,,,,,,,,,,,,,,,,,,,,,,,,
3.725,3.715,3.71,3.75,3.745,3.755,3.755,3.745,3.745,3.76,3.77,3.77,3.75,3.73,3.71,3.7,3.68,3.655,3.655,3.645,3.63,3.64,3.615,3.61,3.595,3.6,3.61,3.61,3.61,3.595,3.61,3.6,3.605,3.605,3.615,3.625,3.65,3.67,3.66,3.675,3.67,3.665,,,,,,,,,,,,,,,,,,,,,,,,,,,,,,,,,,,,,,,,,,,,,,,,,,,,,,,,,,,,,,,,,,,,,,,,,,,,,,,,,,,,,,,,,,,,,,,,,,,,,,,,,,,,,,,,,,,,,,,,,,,,,,,,,,,,,,,,,,,,,,,,,,,,,,,,,,,,,,,,,,,,,,,,,,,,,,,,,,,,,,,,,,,,,,,,,,,,,,,,,,,,,,,,,,,,,,,,,,,,,,,,,,,,,,,,,,,,,,,,,,,,,,,,,,,,,,,,,,
4.17,4.155,4.12,4.13,4.135,4.14,4.14,4.125,4.155,4.2,4.2,4.195,4.19,4.18,4.175,4.18,4.185,4.19,4.2,4.185,4.185,4.17,4.165,4.15,4.14,4.145,4.155,4.14,4.135,4.125,4.125,4.13,4.13,4.135,4.125,4.115,4.125,4.11,4.115,4.11,,,,,,,,,,,,,,,,,,,,,,,,,,,,,,,,,,,,,,,,,,,,,,,,,,,,,,,,,,,,,,,,,,,,,,,,,,,,,,,,,,,,,,,,,,,,,,,,,,,,,,,,,,,,,,,,,,,,,,,,,,,,,,,,,,,,,,,,,,,,,,,,,,,,,,,,,,,,,,,,,,,,,,,,,,,,,,,,,,,,,,,,,,,,,,,,,,,,,,,,,,,,,,,,,,,,,,,,,,,,,,,,,,,,,,,,,,,,,,,,,,,,,,,,,,,,,,,,,,,,
3.775,3.735,3.72,3.71,3.715,3.735,3.71,3.705,3.7,3.69,3.68,3.66,3.64,3.645,3.635,3.64,3.62,3.63,3.625,3.62,3.635,3.66,3.655,3.635,3.625,3.625,3.615,3.625,3.615,3.615,3.635,3.65,3.64,,,,,,,,,,,,,,,,,,,,,,,,,,,,,,,,,,,,,,,,,,,,,,,,,,,,,,,,,,,,,,,,,,,,,,,,,,,,,,,,,,,,,,,,,,,,,,,,,,,,,,,,,,,,,,,,,,,,,,,,,,,,,,,,,,,,,,,,,,,,,,,,,,,,,,,,,,,,,,,,,,,,,,,,,,,,,,,,,,,,,,,,,,,,,,,,,,,,,,,,,,,,,,,,,,,,,,,,,,,,,,,,,,,,,,,,,,,,,,,,,,,,,,,,,,,,,,,,,,,,,,,,,,,
4.07,4.08,4.065,4.07,4.065,4.04,4.02,4.02,4.045,4.01,4.005,4.01,4.01,3.99,4.02,4.035,4.05,4.045,4.07,4.045,4.055,4.055,4.055,4.055,4.06,4.07,4.08,4.06,4.05,4.07,4.07,4.055,4.06,4.055,4.065,4.07,4.075,4.07,,,,,,,,,,,,,,,,,,,,,,,,,,,,,,,,,,,,,,,,,,,,,,,,,,,,,,,,,,,,,,,,,,,,,,,,,,,,,,,,,,,,,,,,,,,,,,,,,,,,,,,,,,,,,,,,,,,,,,,,,,,,,,,,,,,,,,,,,,,,,,,,,,,,,,,,,,,,,,,,,,,,,,,,,,,,,,,,,,,,,,,,,,,,,,,,,,,,,,,,,,,,,,,,,,,,,,,,,,,,,,,,,,,,,,,,,,,,,,,,,,,,,,,,,,,,,,,,,,,,,,
3.775,3.785,3.77,3.775,3.78,3.78,3.78,3.765,3.77,3.775,3.755,3.78,3.76,3.78,3.77,3.775,3.77,3.77,3.755,3.765,3.765,3.76,3.745,3.75,3.77,3.77,3.775,3.795,3.805,3.81,3.805,3.8,3.815,3.835,3.845,3.835,,,,,,,,,,,,,,,,,,,,,,,,,,,,,,,,,,,,,,,,,,,,,,,,,,,,,,,,,,,,,,,,,,,,,,,,,,,,,,,,,,,,,,,,,,,,,,,,,,,,,,,,,,,,,,,,,,,,,,,,,,,,,,,,,,,,,,,,,,,,,,,,,,,,,,,,,,,,,,,,,,,,,,,,,,,,,,,,,,,,,,,,,,,,,,,,,,,,,,,,,,,,,,,,,,,,,,,,,,,,,,,,,,,,,,,,,,,,,,,,,,,,,,,,,,,,,,,,,,,,,,,,
3.765,3.75,3.77,3.76,3.75,3.76,3.765,3.775,3.8,3.78,3.805,3.82,3.83,3.82,3.82,3.805,3.8,3.805,3.825,3.86,3.885,3.905,3.89,3.89,3.885,3.89,3.895,3.89,3.88,3.88,3.88,3.885,3.895,3.9,3.91,3.89,3.895,3.9,,,,,,,,,,,,,,,,,,,,,,,,,,,,,,,,,,,,,,,,,,,,,,,,,,,,,,,,,,,,,,,,,,,,,,,,,,,,,,,,,,,,,,,,,,,,,,,,,,,,,,,,,,,,,,,,,,,,,,,,,,,,,,,,,,,,,,,,,,,,,,,,,,,,,,,,,,,,,,,,,,,,,,,,,,,,,,,,,,,,,,,,,,,,,,,,,,,,,,,,,,,,,,,,,,,,,,,,,,,,,,,,,,,,,,,,,,,,,,,,,,,,,,,,,,,,,,,,,,,,,,
3.79,3.81,3.8,3.805,3.805,3.825,3.85,3.85,3.875,3.85,3.85,3.865,3.84,3.835,3.855,3.87,3.86,3.875,3.865,3.86,3.86,3.865,3.88,3.89,3.895,3.885,3.915,3.92,3.91,3.905,3.89,3.885,3.865,3.84,3.845,3.85,,,,,,,,,,,,,,,,,,,,,,,,,,,,,,,,,,,,,,,,,,,,,,,,,,,,,,,,,,,,,,,,,,,,,,,,,,,,,,,,,,,,,,,,,,,,,,,,,,,,,,,,,,,,,,,,,,,,,,,,,,,,,,,,,,,,,,,,,,,,,,,,,,,,,,,,,,,,,,,,,,,,,,,,,,,,,,,,,,,,,,,,,,,,,,,,,,,,,,,,,,,,,,,,,,,,,,,,,,,,,,,,,,,,,,,,,,,,,,,,,,,,,,,,,,,,,,,,,,,,,,,,
3.4,3.42,3.425,3.435,3.475,3.47,3.48,3.485,3.51,3.5,3.505,3.5,3.51,3.515,3.52,3.54,3.515,3.52,3.535,3.49,3.485,3.485,3.52,3.5,3.485,3.49,3.465,3.44,3.44,3.44,3.445,3.435,3.43,3.445,3.46,3.46,3.485,3.505,3.505,3.51,3.525,3.515,3.5,3.51,3.535,,,,,,,,,,,,,,,,,,,,,,,,,,,,,,,,,,,,,,,,,,,,,,,,,,,,,,,,,,,,,,,,,,,,,,,,,,,,,,,,,,,,,,,,,,,,,,,,,,,,,,,,,,,,,,,,,,,,,,,,,,,,,,,,,,,,,,,,,,,,,,,,,,,,,,,,,,,,,,,,,,,,,,,,,,,,,,,,,,,,,,,,,,,,,,,,,,,,,,,,,,,,,,,,,,,,,,,,,,,,,,,,,,,,,,,,,,,,,,,,,,,,,,,,,,,,,,,
3.975,3.98,4.01,4.045,4.065,4.075,4.08,4.08,4.085,4.065,4.08,4.095,4.105,4.11,4.13,4.135,4.14,4.145,4.155,4.135,4.12,4.115,4.095,4.08,4.07,4.105,4.1,4.11,4.11,4.095,4.085,4.085,4.065,4.065,4.055,4.045,4.05,4.04,4.03,4.02,4.005,,,,,,,,,,,,,,,,,,,,,,,,,,,,,,,,,,,,,,,,,,,,,,,,,,,,,,,,,,,,,,,,,,,,,,,,,,,,,,,,,,,,,,,,,,,,,,,,,,,,,,,,,,,,,,,,,,,,,,,,,,,,,,,,,,,,,,,,,,,,,,,,,,,,,,,,,,,,,,,,,,,,,,,,,,,,,,,,,,,,,,,,,,,,,,,,,,,,,,,,,,,,,,,,,,,,,,,,,,,,,,,,,,,,,,,,,,,,,,,,,,,,,,,,,,,,,,,,,,,
3.685,3.67,3.615,3.615,3.6,3.605,3.595,3.585,3.585,3.61,3.625,3.62,3.6,3.595,3.575,3.57,3.57,3.565,3.54,3.535,3.535,3.525,3.535,3.52,3.52,3.535,3.525,3.535,3.56,3.555,3.54,3.53,3.545,3.56,3.56,3.57,3.59,3.61,3.615,3.625,3.61,3.615,3.615,3.605,3.615,3.615,3.605,3.62,3.635,,,,,,,,,,,,,,,,,,,,,,,,,,,,,,,,,,,,,,,,,,,,,,,,,,,,,,,,,,,,,,,,,,,,,,,,,,,,,,,,,,,,,,,,,,,,,,,,,,,,,,,,,,,,,,,,,,,,,,,,,,,,,,,,,,,,,,,,,,,,,,,,,,,,,,,,,,,,,,,,,,,,,,,,,,,,,,,,,,,,,,,,,,,,,,,,,,,,,,,,,,,,,,,,,,,,,,,,,,,,,,,,,,,,,,,,,,,,,,,,,,,,,,,,,,,
4.07,4.06,4.06,4.07,4.065,4.075,4.075,4.11,4.09,4.07,4.105,4.12,4.1,4.105,4.105,4.115,4.115,4.125,4.105,4.11,4.115,4.125,4.13,4.11,4.105,4.11,4.11,4.11,,,,,,,,,,,,,,,,,,,,,,,,,,,,,,,,,,,,,,,,,,,,,,,,,,,,,,,,,,,,,,,,,,,,,,,,,,,,,,,,,,,,,,,,,,,,,,,,,,,,,,,,,,,,,,,,,,,,,,,,,,,,,,,,,,,,,,,,,,,,,,,,,,,,,,,,,,,,,,,,,,,,,,,,,,,,,,,,,,,,,,,,,,,,,,,,,,,,,,,,,,,,,,,,,,,,,,,,,,,,,,,,,,,,,,,,,,,,,,,,,,,,,,,,,,,,,,,,,,,,,,,,,,,,,,,,
3.735,3.745,3.735,3.745,3.735,3.755,3.775,3.755,3.77,3.76,3.735,3.725,3.75,3.745,3.74,3.74,3.75,3.76,3.775,3.755,3.775,3.755,3.75,3.75,3.755,3.755,3.76,3.76,3.76,,,,,,,,,,,,,,,,,,,,,,,,,,,,,,,,,,,,,,,,,,,,,,,,,,,,,,,,,,,,,,,,,,,,,,,,,,,,,,,,,,,,,,,,,,,,,,,,,,,,,,,,,,,,,,,,,,,,,,,,,,,,,,,,,,,,,,,,,,,,,,,,,,,,,,,,,,,,,,,,,,,,,,,,,,,,,,,,,,,,,,,,,,,,,,,,,,,,,,,,,,,,,,,,,,,,,,,,,,,,,,,,,,,,,,,,,,,,,,,,,,,,,,,,,,,,,,,,,,,,,,,,,,,,,,,
4.68,4.685,4.715,4.75,4.795,4.795,4.795,4.785,4.785,4.78,4.77,4.77,4.75,4.735,4.73,4.71,4.695,4.69,4.735,4.73,4.74,4.74,4.715,4.72,4.705,4.685,4.705,4.7,4.685,4.7,4.725,4.705,4.685,4.695,4.665,4.635,4.625,4.625,4.625,4.605,4.605,4.575,4.57,4.545,,,,,,,,,,,,,,,,,,,,,,,,,,,,,,,,,,,,,,,,,,,,,,,,,,,,,,,,,,,,,,,,,,,,,,,,,,,,,,,,,,,,,,,,,,,,,,,,,,,,,,,,,,,,,,,,,,,,,,,,,,,,,,,,,,,,,,,,,,,,,,,,,,,,,,,,,,,,,,,,,,,,,,,,,,,,,,,,,,,,,,,,,,,,,,,,,,,,,,,,,,,,,,,,,,,,,,,,,,,,,,,,,,,,,,,,,,,,,,,,,,,,,,,,,,,,,,,,
4.34,4.315,4.335,4.335,4.33,4.3,4.28,4.27,4.255,4.26,4.23,4.215,4.24,4.245,4.25,4.235,4.22,4.245,4.245,4.24,4.195,4.185,4.195,4.22,4.22,4.23,4.21,4.22,4.22,4.22,4.225,4.215,4.21,4.19,4.18,4.175,4.175,4.17,4.17,4.15,4.155,4.145,4.15,4.13,4.13,4.125,4.13,4.135,4.125,4.14,4.115,4.105,,,,,,,,,,,,,,,,,,,,,,,,,,,,,,,,,,,,,,,,,,,,,,,,,,,,,,,,,,,,,,,,,,,,,,,,,,,,,,,,,,,,,,,,,,,,,,,,,,,,,,,,,,,,,,,,,,,,,,,,,,,,,,,,,,,,,,,,,,,,,,,,,,,,,,,,,,,,,,,,,,,,,,,,,,,,,,,,,,,,,,,,,,,,,,,,,,,,,,,,,,,,,,,,,,,,,,,,,,,,,,,,,,,,,,,,,,,,,,,,,,,,,,,,
4.025,4.005,4.01,3.985,3.985,3.99,3.995,4.0,3.99,3.98,3.97,3.945,3.94,3.965,3.96,3.965,3.945,3.935,3.935,3.94,3.935,3.965,3.96,3.95,3.935,3.945,3.955,3.955,3.965,3.965,3.955,3.96,3.975,3.98,3.98,3.97,3.965,,,,,,,,,,,,,,,,,,,,,,,,,,,,,,,,,,,,,,,,,,,,,,,,,,,,,,,,,,,,,,,,,,,,,,,,,,,,,,,,,,,,,,,,,,,,,,,,,,,,,,,,,,,,,,,,,,,,,,,,,,,,,,,,,,,,,,,,,,,,,,,,,,,,,,,,,,,,,,,,,,,,,,,,,,,,,,,,,,,,,,,,,,,,,,,,,,,,,,,,,,,,,,,,,,,,,,,,,,,,,,,,,,,,,,,,,,,,,,,,,,,,,,,,,,,,,,,,,,,,,,,
3.565,3.56,3.575,3.57,3.595,3.64,3.64,3.65,3.645,3.64,3.625,3.635,3.64,3.64,3.635,3.64,3.635,3.63,3.655,3.655,3.63,3.63,3.64,3.635,3.63,3.655,3.665,3.65,3.645,3.64,3.62,3.635,3.63,3.615,3.605,3.595,3.59,3.58,3.59,,,,,,,,,,,,,,,,,,,,,,,,,,,,,,,,,,,,,,,,,,,,,,,,,,,,,,,,,,,,,,,,,,,,,,,,,,,,,,,,,,,,,,,,,,,,,,,,,,,,,,,,,,,,,,,,,,,,,,,,,,,,,,,,,,,,,,,,,,,,,,,,,,,,,,,,,,,,,,,,,,,,,,,,,,,,,,,,,,,,,,,,,,,,,,,,,,,,,,,,,,,,,,,,,,,,,,,,,,,,,,,,,,,,,,,,,,,,,,,,,,,,,,,,,,,,,,,,,,,,,
3.825,3.825,3.805,3.805,3.83,3.83,3.82,3.8,3.82,3.845,3.84,3.83,3.81,3.81,3.81,3.8,3.77,3.77,3.76,3.755,3.75,3.735,3.73,3.715,3.725,3.745,3.72,3.725,3.735,3.725,3.715,3.7,3.71,3.68,,,,,,,,,,,,,,,,,,,,,,,,,,,,,,,,,,,,,,,,,,,,,,,,,,,,,,,,,,,,,,,,,,,,,,,,,,,,,,,,,,,,,,,,,,,,,,,,,,,,,,,,,,,,,,,,,,,,,,,,,,,,,,,,,,,,,,,,,,,,,,,,,,,,,,,,,,,,,,,,,,,,,,,,,,,,,,,,,,,,,,,,,,,,,,,,,,,,,,,,,,,,,,,,,,,,,,,,,,,,,,,,,,,,,,,,,,,,,,,,,,,,,,,,,,,,,,,,,,,,,,,,,,
3.64,3.66,3.65,3.65,3.665,3.67,3.64,3.62,3.625,3.64,3.61,3.635,3.645,3.635,3.62,3.605,3.58,3.605,3.62,3.6,3.595,3.6,3.605,3.61,3.605,3.605,3.615,3.61,3.615,3.63,3.64,3.645,3.645,3.655,3.655,3.665,3.655,3.625,3.635,3.62,3.61,3.595,3.605,3.605,3.62,3.63,3.645,3.63,,,,,,,,,,,,,,,,,,,,,,,,,,,,,,,,,,,,,,,,,,,,,,,,,,,,,,,,,,,,,,,,,,,,,,,,,,,,,,,,,,,,,,,,,,,,,,,,,,,,,,,,,,,,,,,,,,,,,,,,,,,,,,,,,,,,,,,,,,,,,,,,,,,,,,,,,,,,,,,,,,,,,,,,,,,,,,,,,,,,,,,,,,,,,,,,,,,,,,,,,,,,,,,,,,,,,,,,,,,,,,,,,,,,,,,,,,,,,,,,,,,,,,,,,,,,
4.46,4.46,4.46,4.45,4.45,4.47,4.495,4.49,4.515,4.54,4.54,4.49,4.5,4.5,4.48,4.47,4.49,4.5,4.495,4.51,4.505,4.505,4.48,4.495,4.475,4.48,4.485,4.475,4.49,4.485,4.51,4.505,4.495,4.505,4.5,4.5,4.5,4.515,4.505,4.5,4.5,4.51,4.5,4.49,,,,,,,,,,,,,,,,,,,,,,,,,,,,,,,,,,,,,,,,,,,,,,,,,,,,,,,,,,,,,,,,,,,,,,,,,,,,,,,,,,,,,,,,,,,,,,,,,,,,,,,,,,,,,,,,,,,,,,,,,,,,,,,,,,,,,,,,,,,,,,,,,,,,,,,,,,,,,,,,,,,,,,,,,,,,,,,,,,,,,,,,,,,,,,,,,,,,,,,,,,,,,,,,,,,,,,,,,,,,,,,,,,,,,,,,,,,,,,,,,,,,,,,,,,,,,,,,
3.54,3.55,3.57,3.565,3.58,3.605,3.59,3.59,3.595,3.575,3.575,3.565,3.555,3.56,3.55,3.58,3.575,3.595,3.615,3.62,3.62,3.6,3.605,3.63,3.615,3.605,3.605,3.605,3.6,3.6,3.57,3.565,3.56,3.57,3.57,3.585,3.575,3.57,3.58,3.58,3.57,3.56,,,,,,,,,,,,,,,,,,,,,,,,,,,,,,,,,,,,,,,,,,,,,,,,,,,,,,,,,,,,,,,,,,,,,,,,,,,,,,,,,,,,,,,,,,,,,,,,,,,,,,,,,,,,,,,,,,,,,,,,,,,,,,,,,,,,,,,,,,,,,,,,,,,,,,,,,,,,,,,,,,,,,,,,,,,,,,,,,,,,,,,,,,,,,,,,,,,,,,,,,,,,,,,,,,,,,,,,,,,,,,,,,,,,,,,,,,,,,,,,,,,,,,,,,,,,,,,,,,
3.805,3.8,3.795,3.795,3.825,3.845,3.87,3.905,3.88,3.885,3.875,3.88,3.865,3.85,3.87,3.89,3.89,3.92,3.93,3.91,3.915,3.905,3.91,3.915,3.925,3.895,3.91,3.9,3.9,3.9,3.905,3.91,3.9,3.9,3.875,3.87,3.855,,,,,,,,,,,,,,,,,,,,,,,,,,,,,,,,,,,,,,,,,,,,,,,,,,,,,,,,,,,,,,,,,,,,,,,,,,,,,,,,,,,,,,,,,,,,,,,,,,,,,,,,,,,,,,,,,,,,,,,,,,,,,,,,,,,,,,,,,,,,,,,,,,,,,,,,,,,,,,,,,,,,,,,,,,,,,,,,,,,,,,,,,,,,,,,,,,,,,,,,,,,,,,,,,,,,,,,,,,,,,,,,,,,,,,,,,,,,,,,,,,,,,,,,,,,,,,,,,,,,,,,
3.915,3.92,3.925,3.93,3.94,3.97,3.96,3.94,3.955,3.915,3.935,3.935,3.91,3.88,3.89,3.895,3.88,3.89,3.875,3.85,3.835,3.84,3.825,3.82,3.815,3.815,3.82,3.815,3.82,3.83,3.815,3.82,3.825,3.82,3.805,,,,,,,,,,,,,,,,,,,,,,,,,,,,,,,,,,,,,,,,,,,,,,,,,,,,,,,,,,,,,,,,,,,,,,,,,,,,,,,,,,,,,,,,,,,,,,,,,,,,,,,,,,,,,,,,,,,,,,,,,,,,,,,,,,,,,,,,,,,,,,,,,,,,,,,,,,,,,,,,,,,,,,,,,,,,,,,,,,,,,,,,,,,,,,,,,,,,,,,,,,,,,,,,,,,,,,,,,,,,,,,,,,,,,,,,,,,,,,,,,,,,,,,,,,,,,,,,,,,,,,,,,
3.715,3.68,3.68,3.65,3.655,3.665,3.66,3.635,3.64,3.64,3.635,3.635,3.615,3.595,3.555,3.555,3.54,3.53,3.52,3.52,3.495,3.46,3.465,3.465,3.465,3.46,3.475,3.475,3.485,3.49,3.495,3.5,3.51,3.525,3.51,3.505,3.51,3.525,3.545,3.56,,,,,,,,,,,,,,,,,,,,,,,,,,,,,,,,,,,,,,,,,,,,,,,,,,,,,,,,,,,,,,,,,,,,,,,,,,,,,,,,,,,,,,,,,,,,,,,,,,,,,,,,,,,,,,,,,,,,,,,,,,,,,,,,,,,,,,,,,,,,,,,,,,,,,,,,,,,,,,,,,,,,,,,,,,,,,,,,,,,,,,,,,,,,,,,,,,,,,,,,,,,,,,,,,,,,,,,,,,,,,,,,,,,,,,,,,,,,,,,,,,,,,,,,,,,,,,,,,,,,
3.885,3.875,3.89,3.915,3.91,3.91,3.925,3.92,3.915,3.91,3.89,3.89,3.895,3.925,3.935,3.93,3.925,3.91,3.915,3.91,3.92,3.895,3.9,3.895,3.885,3.89,3.89,3.875,3.885,3.9,3.9,3.885,3.885,,,,,,,,,,,,,,,,,,,,,,,,,,,,,,,,,,,,,,,,,,,,,,,,,,,,,,,,,,,,,,,,,,,,,,,,,,,,,,,,,,,,,,,,,,,,,,,,,,,,,,,,,,,,,,,,,,,,,,,,,,,,,,,,,,,,,,,,,,,,,,,,,,,,,,,,,,,,,,,,,,,,,,,,,,,,,,,,,,,,,,,,,,,,,,,,,,,,,,,,,,,,,,,,,,,,,,,,,,,,,,,,,,,,,,,,,,,,,,,,,,,,,,,,,,,,,,,,,,,,,,,,,,,
3.83,3.86,3.865,3.865,3.885,3.885,3.89,3.915,3.93,3.945,3.945,3.945,3.95,3.945,3.965,3.97,3.95,3.935,3.91,3.93,3.935,3.94,3.925,3.92,3.93,3.935,3.945,3.945,3.965,3.96,3.975,3.94,3.95,3.955,3.965,3.955,3.965,,,,,,,,,,,,,,,,,,,,,,,,,,,,,,,,,,,,,,,,,,,,,,,,,,,,,,,,,,,,,,,,,,,,,,,,,,,,,,,,,,,,,,,,,,,,,,,,,,,,,,,,,,,,,,,,,,,,,,,,,,,,,,,,,,,,,,,,,,,,,,,,,,,,,,,,,,,,,,,,,,,,,,,,,,,,,,,,,,,,,,,,,,,,,,,,,,,,,,,,,,,,,,,,,,,,,,,,,,,,,,,,,,,,,,,,,,,,,,,,,,,,,,,,,,,,,,,,,,,,,,,
4.36,4.31,4.32,4.33,4.31,4.335,4.325,4.3,4.255,4.265,4.25,4.25,4.205,4.21,4.175,4.14,4.135,4.12,4.105,4.105,4.1,4.115,4.12,4.125,4.11,4.1,4.095,4.1,4.08,4.08,4.08,4.07,4.075,4.08,4.09,4.08,4.075,4.065,4.07,4.06,4.05,4.045,4.04,4.03,4.03,4.03,4.04,4.03,4.025,,,,,,,,,,,,,,,,,,,,,,,,,,,,,,,,,,,,,,,,,,,,,,,,,,,,,,,,,,,,,,,,,,,,,,,,,,,,,,,,,,,,,,,,,,,,,,,,,,,,,,,,,,,,,,,,,,,,,,,,,,,,,,,,,,,,,,,,,,,,,,,,,,,,,,,,,,,,,,,,,,,,,,,,,,,,,,,,,,,,,,,,,,,,,,,,,,,,,,,,,,,,,,,,,,,,,,,,,,,,,,,,,,,,,,,,,,,,,,,,,,,,,,,,,,,
3.91,3.92,3.89,3.885,3.895,3.905,3.9,3.915,3.96,3.96,3.965,3.95,3.985,3.985,3.98,3.965,3.975,3.945,3.92,3.93,3.92,3.93,3.945,3.955,3.955,3.98,3.965,3.955,3.95,3.945,3.925,3.915,3.915,3.915,3.945,,,,,,,,,,,,,,,,,,,,,,,,,,,,,,,,,,,,,,,,,,,,,,,,,,,,,,,,,,,,,,,,,,,,,,,,,,,,,,,,,,,,,,,,,,,,,,,,,,,,,,,,,,,,,,,,,,,,,,,,,,,,,,,,,,,,,,,,,,,,,,,,,,,,,,,,,,,,,,,,,,,,,,,,,,,,,,,,,,,,,,,,,,,,,,,,,,,,,,,,,,,,,,,,,,,,,,,,,,,,,,,,,,,,,,,,,,,,,,,,,,,,,,,,,,,,,,,,,,,,,,,,,
3.985,3.985,3.965,3.98,3.96,3.935,3.945,3.97,3.995,4.025,4.005,3.99,4.015,3.995,4.0,3.975,3.99,3.995,3.975,3.995,3.99,3.955,3.965,3.975,3.955,3.96,3.935,3.925,3.91,3.915,3.915,3.9,3.885,3.88,3.895,3.875,3.87,3.895,3.89,3.855,3.865,,,,,,,,,,,,,,,,,,,,,,,,,,,,,,,,,,,,,,,,,,,,,,,,,,,,,,,,,,,,,,,,,,,,,,,,,,,,,,,,,,,,,,,,,,,,,,,,,,,,,,,,,,,,,,,,,,,,,,,,,,,,,,,,,,,,,,,,,,,,,,,,,,,,,,,,,,,,,,,,,,,,,,,,,,,,,,,,,,,,,,,,,,,,,,,,,,,,,,,,,,,,,,,,,,,,,,,,,,,,,,,,,,,,,,,,,,,,,,,,,,,,,,,,,,,,,,,,,,,
3.85,3.835,3.84,3.815,3.815,3.825,3.865,3.86,3.865,3.865,3.865,3.86,3.895,3.89,3.895,3.845,3.835,3.835,3.85,3.85,3.85,3.85,3.85,3.84,3.84,3.84,3.8,3.78,3.78,3.78,3.76,3.755,3.75,,,,,,,,,,,,,,,,,,,,,,,,,,,,,,,,,,,,,,,,,,,,,,,,,,,,,,,,,,,,,,,,,,,,,,,,,,,,,,,,,,,,,,,,,,,,,,,,,,,,,,,,,,,,,,,,,,,,,,,,,,,,,,,,,,,,,,,,,,,,,,,,,,,,,,,,,,,,,,,,,,,,,,,,,,,,,,,,,,,,,,,,,,,,,,,,,,,,,,,,,,,,,,,,,,,,,,,,,,,,,,,,,,,,,,,,,,,,,,,,,,,,,,,,,,,,,,,,,,,,,,,,,,,
4.08,4.07,4.045,4.055,4.05,4.05,4.065,4.05,4.06,4.07,4.06,4.035,4.025,4.01,4.015,4.005,4.0,4.01,3.995,3.995,3.995,4.015,4.04,4.05,4.05,4.055,4.055,4.045,4.06,4.075,,,,,,,,,,,,,,,,,,,,,,,,,,,,,,,,,,,,,,,,,,,,,,,,,,,,,,,,,,,,,,,,,,,,,,,,,,,,,,,,,,,,,,,,,,,,,,,,,,,,,,,,,,,,,,,,,,,,,,,,,,,,,,,,,,,,,,,,,,,,,,,,,,,,,,,,,,,,,,,,,,,,,,,,,,,,,,,,,,,,,,,,,,,,,,,,,,,,,,,,,,,,,,,,,,,,,,,,,,,,,,,,,,,,,,,,,,,,,,,,,,,,,,,,,,,,,,,,,,,,,,,,,,,,,,
3.865,3.845,3.87,3.84,3.84,3.835,3.825,3.825,3.81,3.82,3.835,3.805,3.785,3.78,3.76,3.735,3.735,3.715,3.69,3.675,3.68,3.68,3.655,3.635,3.645,3.645,3.655,3.635,,,,,,,,,,,,,,,,,,,,,,,,,,,,,,,,,,,,,,,,,,,,,,,,,,,,,,,,,,,,,,,,,,,,,,,,,,,,,,,,,,,,,,,,,,,,,,,,,,,,,,,,,,,,,,,,,,,,,,,,,,,,,,,,,,,,,,,,,,,,,,,,,,,,,,,,,,,,,,,,,,,,,,,,,,,,,,,,,,,,,,,,,,,,,,,,,,,,,,,,,,,,,,,,,,,,,,,,,,,,,,,,,,,,,,,,,,,,,,,,,,,,,,,,,,,,,,,,,,,,,,,,,,,,,,,,
3.585,3.57,3.585,3.545,3.53,3.535,3.505,3.53,3.54,3.525,3.52,3.54,3.51,3.49,3.47,3.5,3.505,3.485,3.49,3.465,3.455,3.455,3.46,3.46,3.45,3.455,3.46,3.455,3.47,3.47,3.475,3.48,3.47,3.465,3.47,3.47,3.485,,,,,,,,,,,,,,,,,,,,,,,,,,,,,,,,,,,,,,,,,,,,,,,,,,,,,,,,,,,,,,,,,,,,,,,,,,,,,,,,,,,,,,,,,,,,,,,,,,,,,,,,,,,,,,,,,,,,,,,,,,,,,,,,,,,,,,,,,,,,,,,,,,,,,,,,,,,,,,,,,,,,,,,,,,,,,,,,,,,,,,,,,,,,,,,,,,,,,,,,,,,,,,,,,,,,,,,,,,,,,,,,,,,,,,,,,,,,,,,,,,,,,,,,,,,,,,,,,,,,,,,
3.915,3.915,3.91,3.91,3.9,3.92,3.93,3.965,3.96,3.96,3.98,3.95,3.925,3.965,3.985,4.01,4.02,4.03,4.04,4.045,4.06,4.075,4.08,4.075,4.07,4.08,4.105,4.095,4.095,4.065,4.085,4.065,4.06,4.045,4.05,4.045,4.05,4.05,4.07,4.05,,,,,,,,,,,,,,,,,,,,,,,,,,,,,,,,,,,,,,,,,,,,,,,,,,,,,,,,,,,,,,,,,,,,,,,,,,,,,,,,,,,,,,,,,,,,,,,,,,,,,,,,,,,,,,,,,,,,,,,,,,,,,,,,,,,,,,,,,,,,,,,,,,,,,,,,,,,,,,,,,,,,,,,,,,,,,,,,,,,,,,,,,,,,,,,,,,,,,,,,,,,,,,,,,,,,,,,,,,,,,,,,,,,,,,,,,,,,,,,,,,,,,,,,,,,,,,,,,,,,
3.945,3.895,3.92,3.89,3.86,3.83,3.82,3.86,3.85,3.85,3.83,3.83,3.82,3.795,3.795,3.795,3.8,3.805,3.795,3.79,3.775,3.765,3.77,3.775,3.745,3.745,3.76,3.745,3.75,3.75,3.76,3.745,3.735,3.75,3.765,3.76,3.745,,,,,,,,,,,,,,,,,,,,,,,,,,,,,,,,,,,,,,,,,,,,,,,,,,,,,,,,,,,,,,,,,,,,,,,,,,,,,,,,,,,,,,,,,,,,,,,,,,,,,,,,,,,,,,,,,,,,,,,,,,,,,,,,,,,,,,,,,,,,,,,,,,,,,,,,,,,,,,,,,,,,,,,,,,,,,,,,,,,,,,,,,,,,,,,,,,,,,,,,,,,,,,,,,,,,,,,,,,,,,,,,,,,,,,,,,,,,,,,,,,,,,,,,,,,,,,,,,,,,,,,
4.135,4.1,4.13,4.13,4.13,4.145,4.155,4.17,4.18,4.19,4.185,4.185,4.18,4.165,4.16,4.15,4.13,4.115,4.105,4.105,4.12,4.12,4.125,4.14,4.135,4.125,4.11,4.11,4.1,4.095,4.09,4.105,4.095,,,,,,,,,,,,,,,,,,,,,,,,,,,,,,,,,,,,,,,,,,,,,,,,,,,,,,,,,,,,,,,,,,,,,,,,,,,,,,,,,,,,,,,,,,,,,,,,,,,,,,,,,,,,,,,,,,,,,,,,,,,,,,,,,,,,,,,,,,,,,,,,,,,,,,,,,,,,,,,,,,,,,,,,,,,,,,,,,,,,,,,,,,,,,,,,,,,,,,,,,,,,,,,,,,,,,,,,,,,,,,,,,,,,,,,,,,,,,,,,,,,,,,,,,,,,,,,,,,,,,,,,,,,
3.9,3.865,3.875,3.845,3.83,3.84,3.83,3.835,3.83,3.83,3.855,3.87,3.895,3.905,3.895,3.915,3.925,3.915,3.895,3.905,3.885,3.895,3.89,3.885,3.87,3.88,3.855,3.845,3.85,3.855,3.855,3.85,3.85,3.865,3.87,3.88,3.855,3.85,3.835,3.835,3.84,3.825,3.83,3.835,3.85,3.845,3.84,3.835,3.825,3.825,3.825,,,,,,,,,,,,,,,,,,,,,,,,,,,,,,,,,,,,,,,,,,,,,,,,,,,,,,,,,,,,,,,,,,,,,,,,,,,,,,,,,,,,,,,,,,,,,,,,,,,,,,,,,,,,,,,,,,,,,,,,,,,,,,,,,,,,,,,,,,,,,,,,,,,,,,,,,,,,,,,,,,,,,,,,,,,,,,,,,,,,,,,,,,,,,,,,,,,,,,,,,,,,,,,,,,,,,,,,,,,,,,,,,,,,,,,,,,,,,,,,,,,,,,,,,
3.775,3.765,3.785,3.775,3.785,3.775,3.77,3.78,3.795,3.8,3.825,3.82,3.835,3.855,3.83,3.835,3.855,3.88,3.865,3.85,3.865,3.855,3.86,3.865,3.875,3.875,3.895,3.89,3.905,3.915,3.915,3.915,3.92,3.905,3.9,3.91,3.915,3.9,3.9,,,,,,,,,,,,,,,,,,,,,,,,,,,,,,,,,,,,,,,,,,,,,,,,,,,,,,,,,,,,,,,,,,,,,,,,,,,,,,,,,,,,,,,,,,,,,,,,,,,,,,,,,,,,,,,,,,,,,,,,,,,,,,,,,,,,,,,,,,,,,,,,,,,,,,,,,,,,,,,,,,,,,,,,,,,,,,,,,,,,,,,,,,,,,,,,,,,,,,,,,,,,,,,,,,,,,,,,,,,,,,,,,,,,,,,,,,,,,,,,,,,,,,,,,,,,,,,,,,,,,
3.745,3.795,3.815,3.82,3.85,3.85,3.88,3.86,3.85,3.855,3.86,3.885,3.89,3.925,3.93,3.92,3.91,3.94,3.94,3.93,3.925,3.93,3.915,3.92,3.92,3.925,3.935,3.93,3.93,3.935,3.91,3.915,3.92,3.93,3.915,3.905,3.89,3.89,3.91,3.91,3.925,,,,,,,,,,,,,,,,,,,,,,,,,,,,,,,,,,,,,,,,,,,,,,,,,,,,,,,,,,,,,,,,,,,,,,,,,,,,,,,,,,,,,,,,,,,,,,,,,,,,,,,,,,,,,,,,,,,,,,,,,,,,,,,,,,,,,,,,,,,,,,,,,,,,,,,,,,,,,,,,,,,,,,,,,,,,,,,,,,,,,,,,,,,,,,,,,,,,,,,,,,,,,,,,,,,,,,,,,,,,,,,,,,,,,,,,,,,,,,,,,,,,,,,,,,,,,,,,,,,
4.075,4.07,4.08,4.115,4.115,4.105,4.11,4.105,4.085,4.095,4.08,4.07,4.065,4.055,4.06,4.055,4.06,4.06,4.06,4.05,4.06,4.055,4.055,4.035,4.025,4.025,4.04,4.04,4.055,4.05,4.035,4.03,4.03,4.04,4.045,4.055,4.08,4.08,4.09,4.095,4.09,4.095,,,,,,,,,,,,,,,,,,,,,,,,,,,,,,,,,,,,,,,,,,,,,,,,,,,,,,,,,,,,,,,,,,,,,,,,,,,,,,,,,,,,,,,,,,,,,,,,,,,,,,,,,,,,,,,,,,,,,,,,,,,,,,,,,,,,,,,,,,,,,,,,,,,,,,,,,,,,,,,,,,,,,,,,,,,,,,,,,,,,,,,,,,,,,,,,,,,,,,,,,,,,,,,,,,,,,,,,,,,,,,,,,,,,,,,,,,,,,,,,,,,,,,,,,,,,,,,,,,
3.705,3.72,3.75,3.74,3.72,3.75,3.705,3.7,3.725,3.72,3.7,3.68,3.65,3.67,3.675,3.7,3.69,3.685,3.7,3.7,3.7,3.7,3.68,3.665,3.665,3.655,3.67,3.655,3.645,3.63,3.635,3.645,3.635,3.63,,,,,,,,,,,,,,,,,,,,,,,,,,,,,,,,,,,,,,,,,,,,,,,,,,,,,,,,,,,,,,,,,,,,,,,,,,,,,,,,,,,,,,,,,,,,,,,,,,,,,,,,,,,,,,,,,,,,,,,,,,,,,,,,,,,,,,,,,,,,,,,,,,,,,,,,,,,,,,,,,,,,,,,,,,,,,,,,,,,,,,,,,,,,,,,,,,,,,,,,,,,,,,,,,,,,,,,,,,,,,,,,,,,,,,,,,,,,,,,,,,,,,,,,,,,,,,,,,,,,,,,,,,
3.8,3.805,3.82,3.8,3.82,3.785,3.765,3.77,3.77,3.71,3.7,3.695,3.69,3.67,3.655,3.64,3.635,3.635,3.615,3.61,3.59,3.585,3.575,3.55,3.57,3.54,3.52,3.495,3.49,3.475,3.47,3.48,3.5,3.525,3.54,3.525,3.535,3.535,3.55,3.585,3.59,3.59,3.595,3.605,,,,,,,,,,,,,,,,,,,,,,,,,,,,,,,,,,,,,,,,,,,,,,,,,,,,,,,,,,,,,,,,,,,,,,,,,,,,,,,,,,,,,,,,,,,,,,,,,,,,,,,,,,,,,,,,,,,,,,,,,,,,,,,,,,,,,,,,,,,,,,,,,,,,,,,,,,,,,,,,,,,,,,,,,,,,,,,,,,,,,,,,,,,,,,,,,,,,,,,,,,,,,,,,,,,,,,,,,,,,,,,,,,,,,,,,,,,,,,,,,,,,,,,,,,,,,,,,
3.61,3.605,3.59,3.57,3.56,3.56,3.56,3.55,3.51,3.5,3.51,3.49,3.5,3.52,3.51,3.5,3.505,3.495,3.48,3.455,3.445,3.435,3.44,3.42,3.415,3.42,3.44,3.43,3.435,3.44,3.44,3.43,3.425,3.425,3.425,3.42,3.405,,,,,,,,,,,,,,,,,,,,,,,,,,,,,,,,,,,,,,,,,,,,,,,,,,,,,,,,,,,,,,,,,,,,,,,,,,,,,,,,,,,,,,,,,,,,,,,,,,,,,,,,,,,,,,,,,,,,,,,,,,,,,,,,,,,,,,,,,,,,,,,,,,,,,,,,,,,,,,,,,,,,,,,,,,,,,,,,,,,,,,,,,,,,,,,,,,,,,,,,,,,,,,,,,,,,,,,,,,,,,,,,,,,,,,,,,,,,,,,,,,,,,,,,,,,,,,,,,,,,,,,
3.485,3.44,3.435,3.455,3.45,3.47,3.46,3.46,3.45,3.455,3.45,3.435,3.425,3.44,3.42,3.42,3.415,3.405,3.395,3.415,3.41,3.405,3.385,3.37,3.36,3.355,3.325,3.32,3.315,3.325,3.325,3.335,3.325,3.33,3.335,3.33,3.34,,,,,,,,,,,,,,,,,,,,,,,,,,,,,,,,,,,,,,,,,,,,,,,,,,,,,,,,,,,,,,,,,,,,,,,,,,,,,,,,,,,,,,,,,,,,,,,,,,,,,,,,,,,,,,,,,,,,,,,,,,,,,,,,,,,,,,,,,,,,,,,,,,,,,,,,,,,,,,,,,,,,,,,,,,,,,,,,,,,,,,,,,,,,,,,,,,,,,,,,,,,,,,,,,,,,,,,,,,,,,,,,,,,,,,,,,,,,,,,,,,,,,,,,,,,,,,,,,,,,,,,
3.96,3.965,3.96,3.975,4.02,4.0,4.015,4.005,4.01,4.0,3.965,3.93,3.945,3.93,3.91,3.91,3.93,3.94,3.95,3.95,3.945,3.945,3.94,3.945,3.94,3.945,3.945,3.95,3.94,3.94,3.94,3.94,3.94,3.935,3.92,3.93,,,,,,,,,,,,,,,,,,,,,,,,,,,,,,,,,,,,,,,,,,,,,,,,,,,,,,,,,,,,,,,,,,,,,,,,,,,,,,,,,,,,,,,,,,,,,,,,,,,,,,,,,,,,,,,,,,,,,,,,,,,,,,,,,,,,,,,,,,,,,,,,,,,,,,,,,,,,,,,,,,,,,,,,,,,,,,,,,,,,,,,,,,,,,,,,,,,,,,,,,,,,,,,,,,,,,,,,,,,,,,,,,,,,,,,,,,,,,,,,,,,,,,,,,,,,,,,,,,,,,,,,
4.095,4.12,4.12,4.135,4.125,4.135,4.155,4.17,4.175,4.16,4.15,4.18,4.175,4.17,4.165,4.175,4.18,4.145,4.145,4.115,4.1,4.1,4.095,4.09,4.04,4.055,4.045,4.04,4.04,4.04,4.03,4.055,4.035,4.045,4.065,4.055,4.055,4.05,4.065,,,,,,,,,,,,,,,,,,,,,,,,,,,,,,,,,,,,,,,,,,,,,,,,,,,,,,,,,,,,,,,,,,,,,,,,,,,,,,,,,,,,,,,,,,,,,,,,,,,,,,,,,,,,,,,,,,,,,,,,,,,,,,,,,,,,,,,,,,,,,,,,,,,,,,,,,,,,,,,,,,,,,,,,,,,,,,,,,,,,,,,,,,,,,,,,,,,,,,,,,,,,,,,,,,,,,,,,,,,,,,,,,,,,,,,,,,,,,,,,,,,,,,,,,,,,,,,,,,,,,
3.725,3.725,3.725,3.715,3.725,3.725,3.72,3.695,3.68,3.675,3.69,3.68,3.7,3.7,3.735,3.74,3.73,3.74,3.73,3.75,3.745,3.73,3.73,3.73,3.745,3.775,3.78,3.79,3.8,3.785,3.77,3.76,3.745,3.75,,,,,,,,,,,,,,,,,,,,,,,,,,,,,,,,,,,,,,,,,,,,,,,,,,,,,,,,,,,,,,,,,,,,,,,,,,,,,,,,,,,,,,,,,,,,,,,,,,,,,,,,,,,,,,,,,,,,,,,,,,,,,,,,,,,,,,,,,,,,,,,,,,,,,,,,,,,,,,,,,,,,,,,,,,,,,,,,,,,,,,,,,,,,,,,,,,,,,,,,,,,,,,,,,,,,,,,,,,,,,,,,,,,,,,,,,,,,,,,,,,,,,,,,,,,,,,,,,,,,,,,,,,
3.985,3.98,3.995,3.985,3.985,4.01,4.005,4.01,4.03,4.02,4.035,4.035,4.02,4.0,3.99,3.965,3.97,3.98,3.985,3.97,3.975,3.995,4.02,4.04,4.045,4.015,4.015,4.02,4.02,4.015,4.01,4.005,,,,,,,,,,,,,,,,,,,,,,,,,,,,,,,,,,,,,,,,,,,,,,,,,,,,,,,,,,,,,,,,,,,,,,,,,,,,,,,,,,,,,,,,,,,,,,,,,,,,,,,,,,,,,,,,,,,,,,,,,,,,,,,,,,,,,,,,,,,,,,,,,,,,,,,,,,,,,,,,,,,,,,,,,,,,,,,,,,,,,,,,,,,,,,,,,,,,,,,,,,,,,,,,,,,,,,,,,,,,,,,,,,,,,,,,,,,,,,,,,,,,,,,,,,,,,,,,,,,,,,,,,,,,
3.88,3.91,3.935,3.925,3.905,3.89,3.865,3.87,3.895,3.905,3.89,3.905,3.93,3.94,3.945,3.965,3.98,3.98,3.99,4.01,3.995,3.995,3.98,3.975,4.005,3.995,4.0,3.985,3.99,3.98,3.975,3.965,3.965,3.97,3.975,3.98,3.99,3.975,3.98,3.975,,,,,,,,,,,,,,,,,,,,,,,,,,,,,,,,,,,,,,,,,,,,,,,,,,,,,,,,,,,,,,,,,,,,,,,,,,,,,,,,,,,,,,,,,,,,,,,,,,,,,,,,,,,,,,,,,,,,,,,,,,,,,,,,,,,,,,,,,,,,,,,,,,,,,,,,,,,,,,,,,,,,,,,,,,,,,,,,,,,,,,,,,,,,,,,,,,,,,,,,,,,,,,,,,,,,,,,,,,,,,,,,,,,,,,,,,,,,,,,,,,,,,,,,,,,,,,,,,,,,
3.865,3.88,3.855,3.87,3.87,3.885,3.92,3.925,3.9,3.845,3.85,3.85,3.84,3.81,3.815,3.805,3.805,3.795,3.78,3.76,3.755,3.735,3.76,3.745,3.735,3.73,3.72,3.72,3.73,3.715,,,,,,,,,,,,,,,,,,,,,,,,,,,,,,,,,,,,,,,,,,,,,,,,,,,,,,,,,,,,,,,,,,,,,,,,,,,,,,,,,,,,,,,,,,,,,,,,,,,,,,,,,,,,,,,,,,,,,,,,,,,,,,,,,,,,,,,,,,,,,,,,,,,,,,,,,,,,,,,,,,,,,,,,,,,,,,,,,,,,,,,,,,,,,,,,,,,,,,,,,,,,,,,,,,,,,,,,,,,,,,,,,,,,,,,,,,,,,,,,,,,,,,,,,,,,,,,,,,,,,,,,,,,,,,
3.745,3.745,3.755,3.755,3.74,3.735,3.73,3.73,3.74,3.725,3.72,3.72,3.705,3.69,3.66,3.64,3.625,3.615,3.61,3.59,3.595,3.58,3.58,3.575,3.56,3.57,3.58,3.565,3.57,3.565,3.56,3.585,,,,,,,,,,,,,,,,,,,,,,,,,,,,,,,,,,,,,,,,,,,,,,,,,,,,,,,,,,,,,,,,,,,,,,,,,,,,,,,,,,,,,,,,,,,,,,,,,,,,,,,,,,,,,,,,,,,,,,,,,,,,,,,,,,,,,,,,,,,,,,,,,,,,,,,,,,,,,,,,,,,,,,,,,,,,,,,,,,,,,,,,,,,,,,,,,,,,,,,,,,,,,,,,,,,,,,,,,,,,,,,,,,,,,,,,,,,,,,,,,,,,,,,,,,,,,,,,,,,,,,,,,,,,
4.18,4.19,4.175,4.18,4.17,4.17,4.2,4.17,4.19,4.175,4.175,4.155,4.17,4.17,4.16,4.135,4.135,4.14,4.12,4.12,4.11,4.12,4.115,4.11,4.1,4.09,4.11,4.12,4.12,4.09,4.09,4.12,4.095,4.09,4.105,4.125,4.14,4.135,4.14,4.12,4.095,,,,,,,,,,,,,,,,,,,,,,,,,,,,,,,,,,,,,,,,,,,,,,,,,,,,,,,,,,,,,,,,,,,,,,,,,,,,,,,,,,,,,,,,,,,,,,,,,,,,,,,,,,,,,,,,,,,,,,,,,,,,,,,,,,,,,,,,,,,,,,,,,,,,,,,,,,,,,,,,,,,,,,,,,,,,,,,,,,,,,,,,,,,,,,,,,,,,,,,,,,,,,,,,,,,,,,,,,,,,,,,,,,,,,,,,,,,,,,,,,,,,,,,,,,,,,,,,,,,
3.51,3.48,3.46,3.465,3.46,3.45,3.43,3.405,3.415,3.435,3.44,3.44,3.44,3.435,3.42,3.405,3.38,3.38,3.375,3.365,3.345,3.355,3.355,3.345,3.32,3.295,3.3,3.29,3.29,3.285,3.28,3.27,3.27,,,,,,,,,,,,,,,,,,,,,,,,,,,,,,,,,,,,,,,,,,,,,,,,,,,,,,,,,,,,,,,,,,,,,,,,,,,,,,,,,,,,,,,,,,,,,,,,,,,,,,,,,,,,,,,,,,,,,,,,,,,,,,,,,,,,,,,,,,,,,,,,,,,,,,,,,,,,,,,,,,,,,,,,,,,,,,,,,,,,,,,,,,,,,,,,,,,,,,,,,,,,,,,,,,,,,,,,,,,,,,,,,,,,,,,,,,,,,,,,,,,,,,,,,,,,,,,,,,,,,,,,,,,
3.52,3.54,3.565,3.55,3.555,3.535,3.485,3.525,3.53,3.53,3.505,3.5,3.475,3.44,3.43,3.425,3.41,3.39,3.385,3.38,3.385,3.39,3.39,3.385,3.38,3.37,3.37,3.37,3.385,3.385,3.38,3.375,3.385,3.385,3.38,3.395,,,,,,,,,,,,,,,,,,,,,,,,,,,,,,,,,,,,,,,,,,,,,,,,,,,,,,,,,,,,,,,,,,,,,,,,,,,,,,,,,,,,,,,,,,,,,,,,,,,,,,,,,,,,,,,,,,,,,,,,,,,,,,,,,,,,,,,,,,,,,,,,,,,,,,,,,,,,,,,,,,,,,,,,,,,,,,,,,,,,,,,,,,,,,,,,,,,,,,,,,,,,,,,,,,,,,,,,,,,,,,,,,,,,,,,,,,,,,,,,,,,,,,,,,,,,,,,,,,,,,,,,
3.535,3.525,3.54,3.53,3.525,3.505,3.47,3.455,3.435,3.43,3.41,3.375,3.365,3.385,3.385,3.36,3.34,3.335,3.32,3.335,3.32,3.32,3.31,3.32,3.345,3.335,3.33,3.33,3.315,3.32,3.32,3.32,3.33,3.335,3.34,3.335,3.335,,,,,,,,,,,,,,,,,,,,,,,,,,,,,,,,,,,,,,,,,,,,,,,,,,,,,,,,,,,,,,,,,,,,,,,,,,,,,,,,,,,,,,,,,,,,,,,,,,,,,,,,,,,,,,,,,,,,,,,,,,,,,,,,,,,,,,,,,,,,,,,,,,,,,,,,,,,,,,,,,,,,,,,,,,,,,,,,,,,,,,,,,,,,,,,,,,,,,,,,,,,,,,,,,,,,,,,,,,,,,,,,,,,,,,,,,,,,,,,,,,,,,,,,,,,,,,,,,,,,,,,
3.615,3.615,3.61,3.59,3.605,3.59,3.58,3.575,3.565,3.565,3.58,3.57,3.57,3.575,3.565,3.575,3.57,3.585,3.6,3.61,3.595,3.595,3.6,3.6,3.595,3.605,3.62,3.605,3.63,3.62,3.615,3.645,3.65,3.635,3.645,3.64,3.63,3.645,3.645,3.635,,,,,,,,,,,,,,,,,,,,,,,,,,,,,,,,,,,,,,,,,,,,,,,,,,,,,,,,,,,,,,,,,,,,,,,,,,,,,,,,,,,,,,,,,,,,,,,,,,,,,,,,,,,,,,,,,,,,,,,,,,,,,,,,,,,,,,,,,,,,,,,,,,,,,,,,,,,,,,,,,,,,,,,,,,,,,,,,,,,,,,,,,,,,,,,,,,,,,,,,,,,,,,,,,,,,,,,,,,,,,,,,,,,,,,,,,,,,,,,,,,,,,,,,,,,,,,,,,,,,
3.88,3.905,3.875,3.89,3.9,3.9,3.925,3.94,3.945,3.945,3.945,3.93,3.92,3.91,3.92,3.915,3.915,3.91,3.91,3.905,3.915,3.92,3.89,3.895,3.885,3.88,3.895,3.905,3.895,3.905,3.91,3.905,3.905,3.905,3.885,,,,,,,,,,,,,,,,,,,,,,,,,,,,,,,,,,,,,,,,,,,,,,,,,,,,,,,,,,,,,,,,,,,,,,,,,,,,,,,,,,,,,,,,,,,,,,,,,,,,,,,,,,,,,,,,,,,,,,,,,,,,,,,,,,,,,,,,,,,,,,,,,,,,,,,,,,,,,,,,,,,,,,,,,,,,,,,,,,,,,,,,,,,,,,,,,,,,,,,,,,,,,,,,,,,,,,,,,,,,,,,,,,,,,,,,,,,,,,,,,,,,,,,,,,,,,,,,,,,,,,,,,
3.905,3.875,3.875,3.89,3.91,3.885,3.88,3.855,3.835,3.81,3.795,3.795,3.81,3.815,3.82,3.835,3.835,3.835,3.81,3.785,3.785,3.785,3.795,3.805,3.795,3.8,3.82,3.825,3.855,3.84,3.84,3.82,3.84,3.825,3.835,3.85,3.85,3.855,3.855,3.855,3.855,3.88,3.885,3.875,3.875,3.88,3.885,3.885,3.89,3.885,,,,,,,,,,,,,,,,,,,,,,,,,,,,,,,,,,,,,,,,,,,,,,,,,,,,,,,,,,,,,,,,,,,,,,,,,,,,,,,,,,,,,,,,,,,,,,,,,,,,,,,,,,,,,,,,,,,,,,,,,,,,,,,,,,,,,,,,,,,,,,,,,,,,,,,,,,,,,,,,,,,,,,,,,,,,,,,,,,,,,,,,,,,,,,,,,,,,,,,,,,,,,,,,,,,,,,,,,,,,,,,,,,,,,,,,,,,,,,,,,,,,,,,,,,
3.79,3.815,3.82,3.8,3.815,3.815,3.84,3.855,3.885,3.865,3.845,3.84,3.82,3.835,3.845,3.85,3.87,3.895,3.9,3.905,3.92,3.92,3.905,3.925,3.92,3.93,3.93,3.94,3.965,3.96,3.97,3.95,3.975,3.955,3.945,3.94,3.945,3.95,3.945,,,,,,,,,,,,,,,,,,,,,,,,,,,,,,,,,,,,,,,,,,,,,,,,,,,,,,,,,,,,,,,,,,,,,,,,,,,,,,,,,,,,,,,,,,,,,,,,,,,,,,,,,,,,,,,,,,,,,,,,,,,,,,,,,,,,,,,,,,,,,,,,,,,,,,,,,,,,,,,,,,,,,,,,,,,,,,,,,,,,,,,,,,,,,,,,,,,,,,,,,,,,,,,,,,,,,,,,,,,,,,,,,,,,,,,,,,,,,,,,,,,,,,,,,,,,,,,,,,,,,
3.97,3.955,3.935,3.92,3.92,3.89,3.895,3.905,3.915,3.885,3.885,3.875,3.87,3.855,3.86,3.835,3.82,3.825,3.82,3.82,3.82,3.815,3.825,3.81,3.805,3.795,3.79,3.785,3.785,3.77,3.785,3.77,3.76,3.78,,,,,,,,,,,,,,,,,,,,,,,,,,,,,,,,,,,,,,,,,,,,,,,,,,,,,,,,,,,,,,,,,,,,,,,,,,,,,,,,,,,,,,,,,,,,,,,,,,,,,,,,,,,,,,,,,,,,,,,,,,,,,,,,,,,,,,,,,,,,,,,,,,,,,,,,,,,,,,,,,,,,,,,,,,,,,,,,,,,,,,,,,,,,,,,,,,,,,,,,,,,,,,,,,,,,,,,,,,,,,,,,,,,,,,,,,,,,,,,,,,,,,,,,,,,,,,,,,,,,,,,,,,
4.375,4.385,4.4,4.455,4.475,4.46,4.47,4.445,4.42,4.395,4.395,4.415,4.435,4.42,4.415,4.435,4.45,4.45,4.48,4.5,4.49,4.485,4.495,4.5,4.51,4.51,4.505,4.51,4.525,4.52,4.515,4.525,4.505,4.5,,,,,,,,,,,,,,,,,,,,,,,,,,,,,,,,,,,,,,,,,,,,,,,,,,,,,,,,,,,,,,,,,,,,,,,,,,,,,,,,,,,,,,,,,,,,,,,,,,,,,,,,,,,,,,,,,,,,,,,,,,,,,,,,,,,,,,,,,,,,,,,,,,,,,,,,,,,,,,,,,,,,,,,,,,,,,,,,,,,,,,,,,,,,,,,,,,,,,,,,,,,,,,,,,,,,,,,,,,,,,,,,,,,,,,,,,,,,,,,,,,,,,,,,,,,,,,,,,,,,,,,,,,
3.77,3.775,3.75,3.745,3.775,3.775,3.755,3.765,3.775,3.775,3.76,3.75,3.765,3.755,3.75,3.75,3.76,3.75,3.765,3.79,3.8,3.77,3.76,3.76,3.77,3.79,3.78,3.78,3.79,3.805,3.81,3.805,3.805,3.825,3.83,3.82,3.82,3.83,3.835,3.84,3.855,3.865,,,,,,,,,,,,,,,,,,,,,,,,,,,,,,,,,,,,,,,,,,,,,,,,,,,,,,,,,,,,,,,,,,,,,,,,,,,,,,,,,,,,,,,,,,,,,,,,,,,,,,,,,,,,,,,,,,,,,,,,,,,,,,,,,,,,,,,,,,,,,,,,,,,,,,,,,,,,,,,,,,,,,,,,,,,,,,,,,,,,,,,,,,,,,,,,,,,,,,,,,,,,,,,,,,,,,,,,,,,,,,,,,,,,,,,,,,,,,,,,,,,,,,,,,,,,,,,,,,
3.51,3.485,3.52,3.525,3.525,3.54,3.565,3.58,3.555,3.565,3.585,3.56,3.55,3.54,3.54,3.545,3.535,3.55,3.545,3.535,3.545,3.54,3.57,3.575,3.575,3.58,3.565,3.57,3.575,3.56,3.57,3.58,3.58,3.59,3.605,,,,,,,,,,,,,,,,,,,,,,,,,,,,,,,,,,,,,,,,,,,,,,,,,,,,,,,,,,,,,,,,,,,,,,,,,,,,,,,,,,,,,,,,,,,,,,,,,,,,,,,,,,,,,,,,,,,,,,,,,,,,,,,,,,,,,,,,,,,,,,,,,,,,,,,,,,,,,,,,,,,,,,,,,,,,,,,,,,,,,,,,,,,,,,,,,,,,,,,,,,,,,,,,,,,,,,,,,,,,,,,,,,,,,,,,,,,,,,,,,,,,,,,,,,,,,,,,,,,,,,,,,
4.2,4.225,4.22,4.235,4.25,4.255,4.265,4.29,4.315,4.345,4.365,4.38,4.4,4.405,4.4,4.395,4.415,4.43,4.445,4.46,4.44,4.46,4.455,4.445,4.405,4.4,4.405,4.395,4.415,4.415,4.435,4.465,4.47,4.5,4.53,4.545,4.545,4.565,4.57,,,,,,,,,,,,,,,,,,,,,,,,,,,,,,,,,,,,,,,,,,,,,,,,,,,,,,,,,,,,,,,,,,,,,,,,,,,,,,,,,,,,,,,,,,,,,,,,,,,,,,,,,,,,,,,,,,,,,,,,,,,,,,,,,,,,,,,,,,,,,,,,,,,,,,,,,,,,,,,,,,,,,,,,,,,,,,,,,,,,,,,,,,,,,,,,,,,,,,,,,,,,,,,,,,,,,,,,,,,,,,,,,,,,,,,,,,,,,,,,,,,,,,,,,,,,,,,,,,,,,
3.66,3.655,3.67,3.665,3.66,3.635,3.615,3.63,3.625,3.655,3.685,3.685,3.685,3.66,3.65,3.66,3.685,3.68,3.675,3.675,3.685,3.69,3.675,3.66,3.655,3.665,3.67,3.685,3.675,3.675,3.675,3.68,3.665,3.66,3.64,,,,,,,,,,,,,,,,,,,,,,,,,,,,,,,,,,,,,,,,,,,,,,,,,,,,,,,,,,,,,,,,,,,,,,,,,,,,,,,,,,,,,,,,,,,,,,,,,,,,,,,,,,,,,,,,,,,,,,,,,,,,,,,,,,,,,,,,,,,,,,,,,,,,,,,,,,,,,,,,,,,,,,,,,,,,,,,,,,,,,,,,,,,,,,,,,,,,,,,,,,,,,,,,,,,,,,,,,,,,,,,,,,,,,,,,,,,,,,,,,,,,,,,,,,,,,,,,,,,,,,,,,
4.6,4.595,4.61,4.595,4.62,4.605,4.59,4.6,4.595,4.585,4.62,4.645,4.645,4.65,4.645,4.625,4.64,4.635,4.635,4.65,4.645,4.67,4.65,4.66,4.64,4.645,4.645,4.655,4.645,4.63,4.645,4.655,4.66,,,,,,,,,,,,,,,,,,,,,,,,,,,,,,,,,,,,,,,,,,,,,,,,,,,,,,,,,,,,,,,,,,,,,,,,,,,,,,,,,,,,,,,,,,,,,,,,,,,,,,,,,,,,,,,,,,,,,,,,,,,,,,,,,,,,,,,,,,,,,,,,,,,,,,,,,,,,,,,,,,,,,,,,,,,,,,,,,,,,,,,,,,,,,,,,,,,,,,,,,,,,,,,,,,,,,,,,,,,,,,,,,,,,,,,,,,,,,,,,,,,,,,,,,,,,,,,,,,,,,,,,,,,
3.77,3.75,3.725,3.71,3.72,3.725,3.745,3.75,3.74,3.725,3.725,3.745,3.76,3.765,3.75,3.76,3.76,3.76,3.75,3.74,3.74,3.74,3.73,3.735,3.735,3.745,3.735,3.73,3.735,3.745,3.745,3.74,,,,,,,,,,,,,,,,,,,,,,,,,,,,,,,,,,,,,,,,,,,,,,,,,,,,,,,,,,,,,,,,,,,,,,,,,,,,,,,,,,,,,,,,,,,,,,,,,,,,,,,,,,,,,,,,,,,,,,,,,,,,,,,,,,,,,,,,,,,,,,,,,,,,,,,,,,,,,,,,,,,,,,,,,,,,,,,,,,,,,,,,,,,,,,,,,,,,,,,,,,,,,,,,,,,,,,,,,,,,,,,,,,,,,,,,,,,,,,,,,,,,,,,,,,,,,,,,,,,,,,,,,,,,
4.305,4.305,4.26,4.235,4.21,4.195,4.195,4.22,4.225,4.2,4.205,4.2,4.215,4.21,4.195,4.2,4.21,4.195,4.225,4.225,4.21,4.195,4.22,4.235,4.225,4.23,4.215,4.195,4.18,4.165,4.16,4.15,4.155,4.155,4.14,4.145,4.14,4.145,4.16,4.155,,,,,,,,,,,,,,,,,,,,,,,,,,,,,,,,,,,,,,,,,,,,,,,,,,,,,,,,,,,,,,,,,,,,,,,,,,,,,,,,,,,,,,,,,,,,,,,,,,,,,,,,,,,,,,,,,,,,,,,,,,,,,,,,,,,,,,,,,,,,,,,,,,,,,,,,,,,,,,,,,,,,,,,,,,,,,,,,,,,,,,,,,,,,,,,,,,,,,,,,,,,,,,,,,,,,,,,,,,,,,,,,,,,,,,,,,,,,,,,,,,,,,,,,,,,,,,,,,,,,
3.86,3.855,3.83,3.82,3.81,3.79,3.78,3.775,3.76,3.755,3.805,3.82,3.805,3.8,3.785,3.77,3.75,3.755,3.78,3.77,3.78,3.75,3.74,3.74,3.735,3.755,3.76,3.75,3.725,3.73,3.74,3.745,3.76,3.76,3.75,3.765,3.765,3.78,,,,,,,,,,,,,,,,,,,,,,,,,,,,,,,,,,,,,,,,,,,,,,,,,,,,,,,,,,,,,,,,,,,,,,,,,,,,,,,,,,,,,,,,,,,,,,,,,,,,,,,,,,,,,,,,,,,,,,,,,,,,,,,,,,,,,,,,,,,,,,,,,,,,,,,,,,,,,,,,,,,,,,,,,,,,,,,,,,,,,,,,,,,,,,,,,,,,,,,,,,,,,,,,,,,,,,,,,,,,,,,,,,,,,,,,,,,,,,,,,,,,,,,,,,,,,,,,,,,,,,
4.3,4.305,4.305,4.285,4.255,4.215,4.235,4.2,4.195,4.17,4.17,4.175,4.185,4.17,4.165,4.2,4.235,4.25,4.275,4.245,4.25,4.245,4.25,4.21,4.2,4.185,4.165,4.155,4.15,4.135,4.13,4.13,4.12,4.13,4.12,4.1,4.085,4.07,4.08,4.075,4.095,4.075,4.065,4.065,4.05,4.055,4.08,4.09,,,,,,,,,,,,,,,,,,,,,,,,,,,,,,,,,,,,,,,,,,,,,,,,,,,,,,,,,,,,,,,,,,,,,,,,,,,,,,,,,,,,,,,,,,,,,,,,,,,,,,,,,,,,,,,,,,,,,,,,,,,,,,,,,,,,,,,,,,,,,,,,,,,,,,,,,,,,,,,,,,,,,,,,,,,,,,,,,,,,,,,,,,,,,,,,,,,,,,,,,,,,,,,,,,,,,,,,,,,,,,,,,,,,,,,,,,,,,,,,,,,,,,,,,,,,
3.465,3.45,3.43,3.45,3.44,3.435,3.45,3.465,3.465,3.435,3.42,3.4,3.395,3.39,3.39,3.41,3.4,3.4,3.405,3.395,3.385,3.365,3.38,3.38,3.385,3.38,3.38,3.35,3.39,3.39,3.385,3.385,3.395,3.39,3.37,3.37,3.365,3.38,3.395,3.42,3.43,3.43,3.46,3.465,3.455,3.45,3.445,3.46,3.46,3.45,3.44,3.455,,,,,,,,,,,,,,,,,,,,,,,,,,,,,,,,,,,,,,,,,,,,,,,,,,,,,,,,,,,,,,,,,,,,,,,,,,,,,,,,,,,,,,,,,,,,,,,,,,,,,,,,,,,,,,,,,,,,,,,,,,,,,,,,,,,,,,,,,,,,,,,,,,,,,,,,,,,,,,,,,,,,,,,,,,,,,,,,,,,,,,,,,,,,,,,,,,,,,,,,,,,,,,,,,,,,,,,,,,,,,,,,,,,,,,,,,,,,,,,,,,,,,,,,
4.21,4.225,4.195,4.185,4.165,4.17,4.16,4.16,4.15,4.16,4.15,4.16,4.165,4.17,4.155,4.155,4.145,4.135,4.135,4.14,4.155,4.17,4.17,4.145,4.17,4.165,4.17,4.175,4.17,4.165,4.18,4.155,4.155,4.16,4.14,4.14,4.13,4.13,4.125,4.13,4.135,4.115,4.115,4.115,4.095,,,,,,,,,,,,,,,,,,,,,,,,,,,,,,,,,,,,,,,,,,,,,,,,,,,,,,,,,,,,,,,,,,,,,,,,,,,,,,,,,,,,,,,,,,,,,,,,,,,,,,,,,,,,,,,,,,,,,,,,,,,,,,,,,,,,,,,,,,,,,,,,,,,,,,,,,,,,,,,,,,,,,,,,,,,,,,,,,,,,,,,,,,,,,,,,,,,,,,,,,,,,,,,,,,,,,,,,,,,,,,,,,,,,,,,,,,,,,,,,,,,,,,,,,,,,,,,
4.025,4.01,4.005,4.0,4.01,4.01,3.98,3.98,3.955,3.96,3.94,3.94,3.91,3.92,3.91,3.93,3.905,3.92,3.92,3.91,3.92,3.92,3.885,3.87,3.87,3.865,3.87,3.845,3.85,3.84,3.84,3.845,3.845,3.825,3.82,3.805,3.8,3.82,,,,,,,,,,,,,,,,,,,,,,,,,,,,,,,,,,,,,,,,,,,,,,,,,,,,,,,,,,,,,,,,,,,,,,,,,,,,,,,,,,,,,,,,,,,,,,,,,,,,,,,,,,,,,,,,,,,,,,,,,,,,,,,,,,,,,,,,,,,,,,,,,,,,,,,,,,,,,,,,,,,,,,,,,,,,,,,,,,,,,,,,,,,,,,,,,,,,,,,,,,,,,,,,,,,,,,,,,,,,,,,,,,,,,,,,,,,,,,,,,,,,,,,,,,,,,,,,,,,,,,
3.94,3.935,3.91,3.865,3.865,3.83,3.83,3.81,3.825,3.845,3.84,3.82,3.81,3.815,3.79,3.785,3.8,3.805,3.785,3.79,3.78,3.775,3.77,3.74,3.765,3.79,3.805,3.795,3.775,3.8,3.805,3.81,3.785,3.815,3.81,3.805,3.805,,,,,,,,,,,,,,,,,,,,,,,,,,,,,,,,,,,,,,,,,,,,,,,,,,,,,,,,,,,,,,,,,,,,,,,,,,,,,,,,,,,,,,,,,,,,,,,,,,,,,,,,,,,,,,,,,,,,,,,,,,,,,,,,,,,,,,,,,,,,,,,,,,,,,,,,,,,,,,,,,,,,,,,,,,,,,,,,,,,,,,,,,,,,,,,,,,,,,,,,,,,,,,,,,,,,,,,,,,,,,,,,,,,,,,,,,,,,,,,,,,,,,,,,,,,,,,,,,,,,,,,
3.74,3.815,3.815,3.83,3.82,3.83,3.84,3.825,3.82,3.81,3.8,3.79,3.785,3.75,3.74,3.715,3.71,3.735,3.765,3.74,3.75,3.745,3.77,3.78,3.79,3.795,3.785,3.795,3.82,3.815,3.825,3.835,3.82,3.825,3.82,3.81,3.79,3.775,3.765,3.775,3.795,3.8,3.775,3.805,3.815,3.84,3.84,3.83,3.845,3.835,3.845,,,,,,,,,,,,,,,,,,,,,,,,,,,,,,,,,,,,,,,,,,,,,,,,,,,,,,,,,,,,,,,,,,,,,,,,,,,,,,,,,,,,,,,,,,,,,,,,,,,,,,,,,,,,,,,,,,,,,,,,,,,,,,,,,,,,,,,,,,,,,,,,,,,,,,,,,,,,,,,,,,,,,,,,,,,,,,,,,,,,,,,,,,,,,,,,,,,,,,,,,,,,,,,,,,,,,,,,,,,,,,,,,,,,,,,,,,,,,,,,,,,,,,,,,
4.065,4.075,4.06,4.1,4.125,4.145,4.11,4.11,4.11,4.125,4.125,4.135,4.14,4.16,4.145,4.165,4.14,4.14,4.125,4.15,4.175,4.18,4.195,4.21,4.23,4.26,4.25,4.235,4.255,4.265,4.255,4.26,4.25,4.24,4.245,,,,,,,,,,,,,,,,,,,,,,,,,,,,,,,,,,,,,,,,,,,,,,,,,,,,,,,,,,,,,,,,,,,,,,,,,,,,,,,,,,,,,,,,,,,,,,,,,,,,,,,,,,,,,,,,,,,,,,,,,,,,,,,,,,,,,,,,,,,,,,,,,,,,,,,,,,,,,,,,,,,,,,,,,,,,,,,,,,,,,,,,,,,,,,,,,,,,,,,,,,,,,,,,,,,,,,,,,,,,,,,,,,,,,,,,,,,,,,,,,,,,,,,,,,,,,,,,,,,,,,,,,
4.1,4.085,4.07,4.07,4.05,4.075,4.075,4.085,4.095,4.095,4.12,4.13,4.15,4.13,4.13,4.135,4.135,4.14,4.115,4.12,4.115,4.135,4.145,4.13,4.13,4.125,4.12,4.085,4.075,4.065,4.085,4.09,4.095,4.105,4.1,4.085,4.075,4.07,4.075,4.07,4.09,4.07,,,,,,,,,,,,,,,,,,,,,,,,,,,,,,,,,,,,,,,,,,,,,,,,,,,,,,,,,,,,,,,,,,,,,,,,,,,,,,,,,,,,,,,,,,,,,,,,,,,,,,,,,,,,,,,,,,,,,,,,,,,,,,,,,,,,,,,,,,,,,,,,,,,,,,,,,,,,,,,,,,,,,,,,,,,,,,,,,,,,,,,,,,,,,,,,,,,,,,,,,,,,,,,,,,,,,,,,,,,,,,,,,,,,,,,,,,,,,,,,,,,,,,,,,,,,,,,,,,
3.68,3.695,3.695,3.715,3.68,3.69,3.695,3.705,3.685,3.69,3.695,3.7,3.7,3.695,3.695,3.705,3.695,3.685,3.705,3.725,3.7,3.685,3.705,3.715,3.705,3.69,3.71,3.7,3.725,3.735,3.71,3.705,3.705,3.73,3.71,3.665,3.685,3.695,3.71,3.69,3.695,3.705,3.705,3.705,3.7,3.71,3.71,3.71,,,,,,,,,,,,,,,,,,,,,,,,,,,,,,,,,,,,,,,,,,,,,,,,,,,,,,,,,,,,,,,,,,,,,,,,,,,,,,,,,,,,,,,,,,,,,,,,,,,,,,,,,,,,,,,,,,,,,,,,,,,,,,,,,,,,,,,,,,,,,,,,,,,,,,,,,,,,,,,,,,,,,,,,,,,,,,,,,,,,,,,,,,,,,,,,,,,,,,,,,,,,,,,,,,,,,,,,,,,,,,,,,,,,,,,,,,,,,,,,,,,,,,,,,,,,
3.94,3.935,3.945,3.965,3.99,4.005,3.965,3.915,3.915,3.93,3.935,3.93,3.93,3.945,3.955,3.945,3.955,3.95,3.95,3.94,3.95,3.925,3.91,3.9,3.91,3.895,3.89,3.88,3.86,3.855,3.845,3.845,3.83,3.855,3.865,3.865,3.87,3.87,3.86,3.86,,,,,,,,,,,,,,,,,,,,,,,,,,,,,,,,,,,,,,,,,,,,,,,,,,,,,,,,,,,,,,,,,,,,,,,,,,,,,,,,,,,,,,,,,,,,,,,,,,,,,,,,,,,,,,,,,,,,,,,,,,,,,,,,,,,,,,,,,,,,,,,,,,,,,,,,,,,,,,,,,,,,,,,,,,,,,,,,,,,,,,,,,,,,,,,,,,,,,,,,,,,,,,,,,,,,,,,,,,,,,,,,,,,,,,,,,,,,,,,,,,,,,,,,,,,,,,,,,,,,
4.085,4.065,4.065,4.07,4.075,4.06,4.035,4.025,4.02,4.04,4.005,4.025,4.0,4.02,4.015,4.015,4.005,4.005,4.0,3.97,3.98,3.97,3.955,3.955,3.96,3.965,3.965,3.97,3.965,3.95,3.955,3.95,3.94,3.955,3.965,3.975,3.995,4.0,3.99,3.97,3.965,3.945,,,,,,,,,,,,,,,,,,,,,,,,,,,,,,,,,,,,,,,,,,,,,,,,,,,,,,,,,,,,,,,,,,,,,,,,,,,,,,,,,,,,,,,,,,,,,,,,,,,,,,,,,,,,,,,,,,,,,,,,,,,,,,,,,,,,,,,,,,,,,,,,,,,,,,,,,,,,,,,,,,,,,,,,,,,,,,,,,,,,,,,,,,,,,,,,,,,,,,,,,,,,,,,,,,,,,,,,,,,,,,,,,,,,,,,,,,,,,,,,,,,,,,,,,,,,,,,,,,
4.085,4.1,4.12,4.13,4.145,4.14,4.16,4.145,4.145,4.17,4.165,4.17,4.175,4.2,4.225,4.215,4.22,4.25,4.26,4.27,4.27,4.265,4.285,4.28,4.265,4.245,4.25,4.235,4.255,4.245,4.26,4.255,,,,,,,,,,,,,,,,,,,,,,,,,,,,,,,,,,,,,,,,,,,,,,,,,,,,,,,,,,,,,,,,,,,,,,,,,,,,,,,,,,,,,,,,,,,,,,,,,,,,,,,,,,,,,,,,,,,,,,,,,,,,,,,,,,,,,,,,,,,,,,,,,,,,,,,,,,,,,,,,,,,,,,,,,,,,,,,,,,,,,,,,,,,,,,,,,,,,,,,,,,,,,,,,,,,,,,,,,,,,,,,,,,,,,,,,,,,,,,,,,,,,,,,,,,,,,,,,,,,,,,,,,,,,
4.19,4.175,4.18,4.165,4.18,4.2,4.2,4.2,4.205,4.205,4.195,4.205,4.19,4.175,4.185,4.195,4.17,4.145,4.17,4.155,4.14,4.14,4.15,4.135,4.13,4.14,4.125,4.125,4.11,4.115,4.12,4.1,4.1,4.105,4.11,4.11,4.105,4.115,4.125,4.11,,,,,,,,,,,,,,,,,,,,,,,,,,,,,,,,,,,,,,,,,,,,,,,,,,,,,,,,,,,,,,,,,,,,,,,,,,,,,,,,,,,,,,,,,,,,,,,,,,,,,,,,,,,,,,,,,,,,,,,,,,,,,,,,,,,,,,,,,,,,,,,,,,,,,,,,,,,,,,,,,,,,,,,,,,,,,,,,,,,,,,,,,,,,,,,,,,,,,,,,,,,,,,,,,,,,,,,,,,,,,,,,,,,,,,,,,,,,,,,,,,,,,,,,,,,,,,,,,,,,
3.37,3.37,3.365,3.36,3.365,3.385,3.37,3.385,3.375,3.38,3.38,3.39,3.41,3.41,3.43,3.445,3.45,3.455,3.45,3.45,3.45,3.465,3.465,3.475,3.455,3.455,3.465,3.465,3.465,3.445,3.45,3.45,3.45,3.46,3.46,3.465,3.47,3.49,3.5,,,,,,,,,,,,,,,,,,,,,,,,,,,,,,,,,,,,,,,,,,,,,,,,,,,,,,,,,,,,,,,,,,,,,,,,,,,,,,,,,,,,,,,,,,,,,,,,,,,,,,,,,,,,,,,,,,,,,,,,,,,,,,,,,,,,,,,,,,,,,,,,,,,,,,,,,,,,,,,,,,,,,,,,,,,,,,,,,,,,,,,,,,,,,,,,,,,,,,,,,,,,,,,,,,,,,,,,,,,,,,,,,,,,,,,,,,,,,,,,,,,,,,,,,,,,,,,,,,,,,
4.01,4.025,4.03,4.03,4.04,4.005,3.995,4.035,4.015,4.02,4.0,4.0,3.955,3.96,3.955,3.97,3.965,3.98,3.96,3.96,3.955,3.94,3.95,3.97,3.98,3.98,3.98,3.995,3.975,3.97,3.98,3.98,3.97,3.97,3.97,3.97,3.98,3.98,,,,,,,,,,,,,,,,,,,,,,,,,,,,,,,,,,,,,,,,,,,,,,,,,,,,,,,,,,,,,,,,,,,,,,,,,,,,,,,,,,,,,,,,,,,,,,,,,,,,,,,,,,,,,,,,,,,,,,,,,,,,,,,,,,,,,,,,,,,,,,,,,,,,,,,,,,,,,,,,,,,,,,,,,,,,,,,,,,,,,,,,,,,,,,,,,,,,,,,,,,,,,,,,,,,,,,,,,,,,,,,,,,,,,,,,,,,,,,,,,,,,,,,,,,,,,,,,,,,,,,
3.97,3.98,3.99,4.005,3.995,4.0,4.01,4.01,4.015,4.005,4.03,4.045,4.035,4.04,4.035,4.03,4.02,4.0,3.97,3.96,3.97,3.98,4.005,4.005,4.01,4.005,4.03,4.03,4.035,4.04,4.045,4.04,4.035,4.055,4.045,4.04,,,,,,,,,,,,,,,,,,,,,,,,,,,,,,,,,,,,,,,,,,,,,,,,,,,,,,,,,,,,,,,,,,,,,,,,,,,,,,,,,,,,,,,,,,,,,,,,,,,,,,,,,,,,,,,,,,,,,,,,,,,,,,,,,,,,,,,,,,,,,,,,,,,,,,,,,,,,,,,,,,,,,,,,,,,,,,,,,,,,,,,,,,,,,,,,,,,,,,,,,,,,,,,,,,,,,,,,,,,,,,,,,,,,,,,,,,,,,,,,,,,,,,,,,,,,,,,,,,,,,,,,
3.98,4.005,3.985,3.98,3.955,3.955,3.95,3.9,3.885,3.89,3.865,3.855,3.845,3.86,3.865,3.835,3.83,3.815,3.81,3.81,3.775,3.77,3.75,3.74,3.735,3.71,3.7,3.66,3.675,3.69,3.68,3.68,3.67,3.68,3.68,3.67,3.665,3.655,3.675,3.675,,,,,,,,,,,,,,,,,,,,,,,,,,,,,,,,,,,,,,,,,,,,,,,,,,,,,,,,,,,,,,,,,,,,,,,,,,,,,,,,,,,,,,,,,,,,,,,,,,,,,,,,,,,,,,,,,,,,,,,,,,,,,,,,,,,,,,,,,,,,,,,,,,,,,,,,,,,,,,,,,,,,,,,,,,,,,,,,,,,,,,,,,,,,,,,,,,,,,,,,,,,,,,,,,,,,,,,,,,,,,,,,,,,,,,,,,,,,,,,,,,,,,,,,,,,,,,,,,,,,
3.555,3.555,3.56,3.61,3.62,3.605,3.59,3.59,3.615,3.61,3.64,3.645,3.645,3.65,3.65,3.635,3.6,3.605,3.59,3.58,3.585,3.6,3.595,3.59,3.595,3.59,3.58,3.59,3.575,3.57,3.565,3.55,3.525,3.52,3.545,3.55,3.545,3.56,3.54,3.535,3.52,3.52,3.535,3.535,,,,,,,,,,,,,,,,,,,,,,,,,,,,,,,,,,,,,,,,,,,,,,,,,,,,,,,,,,,,,,,,,,,,,,,,,,,,,,,,,,,,,,,,,,,,,,,,,,,,,,,,,,,,,,,,,,,,,,,,,,,,,,,,,,,,,,,,,,,,,,,,,,,,,,,,,,,,,,,,,,,,,,,,,,,,,,,,,,,,,,,,,,,,,,,,,,,,,,,,,,,,,,,,,,,,,,,,,,,,,,,,,,,,,,,,,,,,,,,,,,,,,,,,,,,,,,,,
4.11,4.105,4.08,4.115,4.145,4.16,4.16,4.165,4.225,4.23,4.235,4.245,4.27,4.25,4.24,4.21,4.2,4.18,4.155,4.18,4.21,4.2,4.18,4.18,4.18,4.215,4.195,4.19,4.185,4.175,4.175,4.185,4.185,4.19,4.18,4.165,4.17,,,,,,,,,,,,,,,,,,,,,,,,,,,,,,,,,,,,,,,,,,,,,,,,,,,,,,,,,,,,,,,,,,,,,,,,,,,,,,,,,,,,,,,,,,,,,,,,,,,,,,,,,,,,,,,,,,,,,,,,,,,,,,,,,,,,,,,,,,,,,,,,,,,,,,,,,,,,,,,,,,,,,,,,,,,,,,,,,,,,,,,,,,,,,,,,,,,,,,,,,,,,,,,,,,,,,,,,,,,,,,,,,,,,,,,,,,,,,,,,,,,,,,,,,,,,,,,,,,,,,,,
3.98,3.97,3.965,3.93,3.925,3.935,3.905,3.89,3.895,3.91,3.9,3.905,3.89,3.89,3.88,3.87,3.88,3.89,3.865,3.89,3.845,3.865,3.86,3.84,3.845,3.83,3.815,3.83,3.835,3.845,3.825,3.84,3.845,3.845,3.845,3.845,3.84,3.85,3.85,3.83,,,,,,,,,,,,,,,,,,,,,,,,,,,,,,,,,,,,,,,,,,,,,,,,,,,,,,,,,,,,,,,,,,,,,,,,,,,,,,,,,,,,,,,,,,,,,,,,,,,,,,,,,,,,,,,,,,,,,,,,,,,,,,,,,,,,,,,,,,,,,,,,,,,,,,,,,,,,,,,,,,,,,,,,,,,,,,,,,,,,,,,,,,,,,,,,,,,,,,,,,,,,,,,,,,,,,,,,,,,,,,,,,,,,,,,,,,,,,,,,,,,,,,,,,,,,,,,,,,,,
3.635,3.59,3.575,3.55,3.54,3.525,3.535,3.56,3.54,3.545,3.55,3.555,3.55,3.555,3.545,3.54,3.525,3.51,3.495,3.515,3.505,3.505,3.51,3.485,3.485,3.47,3.46,3.455,3.465,3.46,3.465,3.46,3.465,3.48,3.48,3.495,3.485,3.48,3.495,3.5,3.48,,,,,,,,,,,,,,,,,,,,,,,,,,,,,,,,,,,,,,,,,,,,,,,,,,,,,,,,,,,,,,,,,,,,,,,,,,,,,,,,,,,,,,,,,,,,,,,,,,,,,,,,,,,,,,,,,,,,,,,,,,,,,,,,,,,,,,,,,,,,,,,,,,,,,,,,,,,,,,,,,,,,,,,,,,,,,,,,,,,,,,,,,,,,,,,,,,,,,,,,,,,,,,,,,,,,,,,,,,,,,,,,,,,,,,,,,,,,,,,,,,,,,,,,,,,,,,,,,,,
3.78,3.76,3.765,3.805,3.785,3.79,3.775,3.755,3.745,3.725,3.745,3.765,3.78,3.765,3.77,3.785,3.82,3.81,3.82,3.835,3.85,3.835,3.83,3.835,3.825,3.815,3.815,3.795,3.805,3.825,3.825,3.85,3.835,3.825,3.825,3.81,3.81,3.805,3.81,,,,,,,,,,,,,,,,,,,,,,,,,,,,,,,,,,,,,,,,,,,,,,,,,,,,,,,,,,,,,,,,,,,,,,,,,,,,,,,,,,,,,,,,,,,,,,,,,,,,,,,,,,,,,,,,,,,,,,,,,,,,,,,,,,,,,,,,,,,,,,,,,,,,,,,,,,,,,,,,,,,,,,,,,,,,,,,,,,,,,,,,,,,,,,,,,,,,,,,,,,,,,,,,,,,,,,,,,,,,,,,,,,,,,,,,,,,,,,,,,,,,,,,,,,,,,,,,,,,,,
3.54,3.56,3.555,3.555,3.545,3.555,3.55,3.525,3.525,3.51,3.54,3.54,3.54,3.51,3.49,3.5,3.5,3.51,3.51,3.505,3.51,3.53,3.555,3.56,3.555,3.555,3.54,3.57,3.575,3.56,3.565,3.555,3.555,3.56,3.555,3.54,,,,,,,,,,,,,,,,,,,,,,,,,,,,,,,,,,,,,,,,,,,,,,,,,,,,,,,,,,,,,,,,,,,,,,,,,,,,,,,,,,,,,,,,,,,,,,,,,,,,,,,,,,,,,,,,,,,,,,,,,,,,,,,,,,,,,,,,,,,,,,,,,,,,,,,,,,,,,,,,,,,,,,,,,,,,,,,,,,,,,,,,,,,,,,,,,,,,,,,,,,,,,,,,,,,,,,,,,,,,,,,,,,,,,,,,,,,,,,,,,,,,,,,,,,,,,,,,,,,,,,,,
3.7,3.735,3.725,3.755,3.765,3.755,3.75,3.745,3.75,3.72,3.72,3.715,3.71,3.71,3.73,3.735,3.765,3.77,3.78,3.795,3.795,3.805,3.815,3.805,3.815,3.81,3.805,3.805,3.81,3.81,3.82,3.815,3.815,3.82,3.82,3.82,3.815,3.815,3.825,,,,,,,,,,,,,,,,,,,,,,,,,,,,,,,,,,,,,,,,,,,,,,,,,,,,,,,,,,,,,,,,,,,,,,,,,,,,,,,,,,,,,,,,,,,,,,,,,,,,,,,,,,,,,,,,,,,,,,,,,,,,,,,,,,,,,,,,,,,,,,,,,,,,,,,,,,,,,,,,,,,,,,,,,,,,,,,,,,,,,,,,,,,,,,,,,,,,,,,,,,,,,,,,,,,,,,,,,,,,,,,,,,,,,,,,,,,,,,,,,,,,,,,,,,,,,,,,,,,,,
3.8,3.815,3.81,3.835,3.85,3.875,3.895,3.915,3.92,3.915,3.925,3.925,3.95,3.96,3.965,3.975,3.99,4.005,4.005,4.005,4.0,4.0,4.0,3.99,4.0,3.995,3.99,3.98,3.97,3.97,3.975,3.975,3.975,3.96,3.955,3.945,3.945,3.945,3.95,3.95,3.955,,,,,,,,,,,,,,,,,,,,,,,,,,,,,,,,,,,,,,,,,,,,,,,,,,,,,,,,,,,,,,,,,,,,,,,,,,,,,,,,,,,,,,,,,,,,,,,,,,,,,,,,,,,,,,,,,,,,,,,,,,,,,,,,,,,,,,,,,,,,,,,,,,,,,,,,,,,,,,,,,,,,,,,,,,,,,,,,,,,,,,,,,,,,,,,,,,,,,,,,,,,,,,,,,,,,,,,,,,,,,,,,,,,,,,,,,,,,,,,,,,,,,,,,,,,,,,,,,,,
4.11,4.09,4.075,4.065,4.045,4.055,4.035,4.06,4.07,4.07,4.065,4.075,4.105,4.13,4.14,4.145,4.15,4.155,4.16,4.14,4.16,4.17,4.17,4.205,4.205,4.2,4.21,4.2,4.205,4.195,4.2,4.2,4.215,4.225,4.205,4.18,4.205,4.2,4.195,4.205,4.19,4.22,4.23,4.235,4.255,4.245,4.235,4.26,4.27,,,,,,,,,,,,,,,,,,,,,,,,,,,,,,,,,,,,,,,,,,,,,,,,,,,,,,,,,,,,,,,,,,,,,,,,,,,,,,,,,,,,,,,,,,,,,,,,,,,,,,,,,,,,,,,,,,,,,,,,,,,,,,,,,,,,,,,,,,,,,,,,,,,,,,,,,,,,,,,,,,,,,,,,,,,,,,,,,,,,,,,,,,,,,,,,,,,,,,,,,,,,,,,,,,,,,,,,,,,,,,,,,,,,,,,,,,,,,,,,,,,,,,,,,,,
3.985,3.97,3.96,3.97,3.975,3.955,3.955,3.935,3.935,3.95,3.95,3.93,3.93,3.925,3.905,3.92,3.94,3.925,3.925,3.91,3.905,3.92,3.935,3.93,3.915,3.915,3.91,3.92,3.94,3.94,3.93,3.92,3.905,3.915,,,,,,,,,,,,,,,,,,,,,,,,,,,,,,,,,,,,,,,,,,,,,,,,,,,,,,,,,,,,,,,,,,,,,,,,,,,,,,,,,,,,,,,,,,,,,,,,,,,,,,,,,,,,,,,,,,,,,,,,,,,,,,,,,,,,,,,,,,,,,,,,,,,,,,,,,,,,,,,,,,,,,,,,,,,,,,,,,,,,,,,,,,,,,,,,,,,,,,,,,,,,,,,,,,,,,,,,,,,,,,,,,,,,,,,,,,,,,,,,,,,,,,,,,,,,,,,,,,,,,,,,,,
3.365,3.345,3.33,3.32,3.335,3.325,3.325,3.345,3.37,3.385,3.36,3.355,3.35,3.33,3.33,3.32,3.315,3.315,3.325,3.305,3.325,3.32,3.32,3.3,3.305,3.29,3.275,3.26,3.27,3.265,3.265,3.27,3.29,3.28,3.26,3.26,3.255,3.255,3.255,3.26,3.27,3.265,3.26,,,,,,,,,,,,,,,,,,,,,,,,,,,,,,,,,,,,,,,,,,,,,,,,,,,,,,,,,,,,,,,,,,,,,,,,,,,,,,,,,,,,,,,,,,,,,,,,,,,,,,,,,,,,,,,,,,,,,,,,,,,,,,,,,,,,,,,,,,,,,,,,,,,,,,,,,,,,,,,,,,,,,,,,,,,,,,,,,,,,,,,,,,,,,,,,,,,,,,,,,,,,,,,,,,,,,,,,,,,,,,,,,,,,,,,,,,,,,,,,,,,,,,,,,,,,,,,,,
3.6,3.605,3.59,3.58,3.545,3.55,3.56,3.55,3.56,3.525,3.525,3.52,3.51,3.53,3.53,3.545,3.545,3.55,3.575,3.56,3.565,3.555,3.575,3.565,3.56,3.57,3.545,3.535,3.54,3.54,3.54,3.525,3.52,3.5,3.505,3.49,3.48,3.475,3.49,3.515,3.52,3.5,,,,,,,,,,,,,,,,,,,,,,,,,,,,,,,,,,,,,,,,,,,,,,,,,,,,,,,,,,,,,,,,,,,,,,,,,,,,,,,,,,,,,,,,,,,,,,,,,,,,,,,,,,,,,,,,,,,,,,,,,,,,,,,,,,,,,,,,,,,,,,,,,,,,,,,,,,,,,,,,,,,,,,,,,,,,,,,,,,,,,,,,,,,,,,,,,,,,,,,,,,,,,,,,,,,,,,,,,,,,,,,,,,,,,,,,,,,,,,,,,,,,,,,,,,,,,,,,,,
5.04,5.035,5.03,5.02,5.025,5.03,5.02,5.005,4.99,4.98,4.985,5.01,5.045,5.075,5.075,5.07,5.04,5.05,5.055,5.07,5.08,5.095,5.045,5.05,5.065,5.06,5.06,5.065,5.065,5.075,5.07,5.07,5.07,5.05,4.995,4.98,4.985,,,,,,,,,,,,,,,,,,,,,,,,,,,,,,,,,,,,,,,,,,,,,,,,,,,,,,,,,,,,,,,,,,,,,,,,,,,,,,,,,,,,,,,,,,,,,,,,,,,,,,,,,,,,,,,,,,,,,,,,,,,,,,,,,,,,,,,,,,,,,,,,,,,,,,,,,,,,,,,,,,,,,,,,,,,,,,,,,,,,,,,,,,,,,,,,,,,,,,,,,,,,,,,,,,,,,,,,,,,,,,,,,,,,,,,,,,,,,,,,,,,,,,,,,,,,,,,,,,,,,,,
4.17,4.155,4.175,4.18,4.185,4.185,4.195,4.225,4.24,4.245,4.255,4.26,4.26,4.285,4.3,4.325,4.335,4.37,4.39,4.405,4.42,4.43,4.46,4.455,4.49,4.505,4.5,4.48,4.465,4.45,4.465,4.465,,,,,,,,,,,,,,,,,,,,,,,,,,,,,,,,,,,,,,,,,,,,,,,,,,,,,,,,,,,,,,,,,,,,,,,,,,,,,,,,,,,,,,,,,,,,,,,,,,,,,,,,,,,,,,,,,,,,,,,,,,,,,,,,,,,,,,,,,,,,,,,,,,,,,,,,,,,,,,,,,,,,,,,,,,,,,,,,,,,,,,,,,,,,,,,,,,,,,,,,,,,,,,,,,,,,,,,,,,,,,,,,,,,,,,,,,,,,,,,,,,,,,,,,,,,,,,,,,,,,,,,,,,,,
3.81,3.78,3.795,3.77,3.79,3.8,3.83,3.82,3.84,3.845,3.835,3.845,3.87,3.885,3.88,3.88,3.87,3.9,3.905,3.9,3.925,3.93,3.945,3.975,3.96,3.965,3.975,3.995,3.975,3.935,3.96,,,,,,,,,,,,,,,,,,,,,,,,,,,,,,,,,,,,,,,,,,,,,,,,,,,,,,,,,,,,,,,,,,,,,,,,,,,,,,,,,,,,,,,,,,,,,,,,,,,,,,,,,,,,,,,,,,,,,,,,,,,,,,,,,,,,,,,,,,,,,,,,,,,,,,,,,,,,,,,,,,,,,,,,,,,,,,,,,,,,,,,,,,,,,,,,,,,,,,,,,,,,,,,,,,,,,,,,,,,,,,,,,,,,,,,,,,,,,,,,,,,,,,,,,,,,,,,,,,,,,,,,,,,,,
4.42,4.405,4.415,4.425,4.445,4.46,4.485,4.46,4.45,4.455,4.44,4.43,4.43,4.46,4.45,4.455,4.48,4.455,4.43,4.395,4.395,4.37,4.375,4.375,4.37,4.385,4.4,4.37,4.35,4.34,4.33,4.315,4.3,4.285,4.31,4.29,,,,,,,,,,,,,,,,,,,,,,,,,,,,,,,,,,,,,,,,,,,,,,,,,,,,,,,,,,,,,,,,,,,,,,,,,,,,,,,,,,,,,,,,,,,,,,,,,,,,,,,,,,,,,,,,,,,,,,,,,,,,,,,,,,,,,,,,,,,,,,,,,,,,,,,,,,,,,,,,,,,,,,,,,,,,,,,,,,,,,,,,,,,,,,,,,,,,,,,,,,,,,,,,,,,,,,,,,,,,,,,,,,,,,,,,,,,,,,,,,,,,,,,,,,,,,,,,,,,,,,,,
3.57,3.585,3.595,3.61,3.6,3.605,3.62,3.605,3.59,3.575,3.59,3.6,3.6,3.585,3.595,3.605,3.595,3.59,3.63,3.625,3.63,3.665,3.68,3.705,3.705,3.695,3.705,3.715,3.735,3.73,3.72,3.72,3.71,,,,,,,,,,,,,,,,,,,,,,,,,,,,,,,,,,,,,,,,,,,,,,,,,,,,,,,,,,,,,,,,,,,,,,,,,,,,,,,,,,,,,,,,,,,,,,,,,,,,,,,,,,,,,,,,,,,,,,,,,,,,,,,,,,,,,,,,,,,,,,,,,,,,,,,,,,,,,,,,,,,,,,,,,,,,,,,,,,,,,,,,,,,,,,,,,,,,,,,,,,,,,,,,,,,,,,,,,,,,,,,,,,,,,,,,,,,,,,,,,,,,,,,,,,,,,,,,,,,,,,,,,,,
4.08,4.09,4.115,4.15,4.16,4.17,4.16,4.185,4.175,4.21,4.24,4.275,4.29,4.31,4.345,4.345,4.34,4.35,4.36,4.395,4.41,4.42,4.41,4.455,4.475,4.475,4.49,4.485,4.485,4.495,4.51,4.5,4.535,4.54,4.525,4.535,4.565,4.565,,,,,,,,,,,,,,,,,,,,,,,,,,,,,,,,,,,,,,,,,,,,,,,,,,,,,,,,,,,,,,,,,,,,,,,,,,,,,,,,,,,,,,,,,,,,,,,,,,,,,,,,,,,,,,,,,,,,,,,,,,,,,,,,,,,,,,,,,,,,,,,,,,,,,,,,,,,,,,,,,,,,,,,,,,,,,,,,,,,,,,,,,,,,,,,,,,,,,,,,,,,,,,,,,,,,,,,,,,,,,,,,,,,,,,,,,,,,,,,,,,,,,,,,,,,,,,,,,,,,,,
3.955,3.91,3.905,3.92,3.895,3.915,3.93,3.96,3.965,3.985,3.97,3.96,3.955,3.96,3.965,3.955,3.955,3.95,3.955,3.96,3.955,4.005,4.015,4.0,4.005,4.0,4.005,4.03,4.035,4.07,4.085,4.075,4.065,4.05,4.05,,,,,,,,,,,,,,,,,,,,,,,,,,,,,,,,,,,,,,,,,,,,,,,,,,,,,,,,,,,,,,,,,,,,,,,,,,,,,,,,,,,,,,,,,,,,,,,,,,,,,,,,,,,,,,,,,,,,,,,,,,,,,,,,,,,,,,,,,,,,,,,,,,,,,,,,,,,,,,,,,,,,,,,,,,,,,,,,,,,,,,,,,,,,,,,,,,,,,,,,,,,,,,,,,,,,,,,,,,,,,,,,,,,,,,,,,,,,,,,,,,,,,,,,,,,,,,,,,,,,,,,,,
4.095,4.06,4.05,4.075,4.08,4.045,4.03,4.005,4.01,4.035,4.025,4.005,4.02,4.015,4.01,4.025,4.04,4.035,4.03,4.045,4.035,4.03,4.025,4.025,4.015,4.03,4.035,4.05,4.045,4.035,4.04,4.055,4.06,4.065,4.08,4.075,4.085,4.095,,,,,,,,,,,,,,,,,,,,,,,,,,,,,,,,,,,,,,,,,,,,,,,,,,,,,,,,,,,,,,,,,,,,,,,,,,,,,,,,,,,,,,,,,,,,,,,,,,,,,,,,,,,,,,,,,,,,,,,,,,,,,,,,,,,,,,,,,,,,,,,,,,,,,,,,,,,,,,,,,,,,,,,,,,,,,,,,,,,,,,,,,,,,,,,,,,,,,,,,,,,,,,,,,,,,,,,,,,,,,,,,,,,,,,,,,,,,,,,,,,,,,,,,,,,,,,,,,,,,,,
3.92,3.915,3.905,3.91,3.915,3.9,3.885,3.885,3.85,3.835,3.805,3.8,3.815,3.81,3.77,3.755,3.74,3.725,3.71,3.705,3.725,3.73,3.73,3.705,3.695,3.7,3.685,3.66,3.645,3.65,3.65,3.635,3.64,3.635,3.625,3.635,3.615,3.605,3.595,,,,,,,,,,,,,,,,,,,,,,,,,,,,,,,,,,,,,,,,,,,,,,,,,,,,,,,,,,,,,,,,,,,,,,,,,,,,,,,,,,,,,,,,,,,,,,,,,,,,,,,,,,,,,,,,,,,,,,,,,,,,,,,,,,,,,,,,,,,,,,,,,,,,,,,,,,,,,,,,,,,,,,,,,,,,,,,,,,,,,,,,,,,,,,,,,,,,,,,,,,,,,,,,,,,,,,,,,,,,,,,,,,,,,,,,,,,,,,,,,,,,,,,,,,,,,,,,,,,,,
4.035,4.02,4.035,4.075,4.115,4.1,4.115,4.06,4.055,4.07,4.035,4.015,4.02,4.025,4.04,4.025,4.02,4.005,4.01,4.035,4.03,4.025,4.05,4.06,4.065,4.075,4.07,4.07,4.04,4.065,4.065,4.07,4.06,4.055,4.055,4.045,4.05,,,,,,,,,,,,,,,,,,,,,,,,,,,,,,,,,,,,,,,,,,,,,,,,,,,,,,,,,,,,,,,,,,,,,,,,,,,,,,,,,,,,,,,,,,,,,,,,,,,,,,,,,,,,,,,,,,,,,,,,,,,,,,,,,,,,,,,,,,,,,,,,,,,,,,,,,,,,,,,,,,,,,,,,,,,,,,,,,,,,,,,,,,,,,,,,,,,,,,,,,,,,,,,,,,,,,,,,,,,,,,,,,,,,,,,,,,,,,,,,,,,,,,,,,,,,,,,,,,,,,,,
3.425,3.38,3.38,3.35,3.35,3.35,3.36,3.385,3.375,3.355,3.335,3.34,3.32,3.325,3.32,3.34,3.325,3.315,3.29,3.265,3.26,3.27,3.27,3.29,3.32,3.3,3.285,3.295,3.29,3.285,3.3,3.305,3.295,3.3,3.305,3.31,3.31,3.32,3.315,3.325,3.345,,,,,,,,,,,,,,,,,,,,,,,,,,,,,,,,,,,,,,,,,,,,,,,,,,,,,,,,,,,,,,,,,,,,,,,,,,,,,,,,,,,,,,,,,,,,,,,,,,,,,,,,,,,,,,,,,,,,,,,,,,,,,,,,,,,,,,,,,,,,,,,,,,,,,,,,,,,,,,,,,,,,,,,,,,,,,,,,,,,,,,,,,,,,,,,,,,,,,,,,,,,,,,,,,,,,,,,,,,,,,,,,,,,,,,,,,,,,,,,,,,,,,,,,,,,,,,,,,,,
3.85,3.855,3.855,3.84,3.865,3.91,3.955,3.975,4.005,4.005,4.055,4.065,4.085,4.1,4.115,4.135,4.14,4.15,4.135,4.12,4.12,4.095,4.105,4.12,4.145,4.165,4.155,4.16,4.165,4.16,4.155,4.165,4.145,4.15,4.15,4.175,4.175,4.195,4.21,4.2,4.205,,,,,,,,,,,,,,,,,,,,,,,,,,,,,,,,,,,,,,,,,,,,,,,,,,,,,,,,,,,,,,,,,,,,,,,,,,,,,,,,,,,,,,,,,,,,,,,,,,,,,,,,,,,,,,,,,,,,,,,,,,,,,,,,,,,,,,,,,,,,,,,,,,,,,,,,,,,,,,,,,,,,,,,,,,,,,,,,,,,,,,,,,,,,,,,,,,,,,,,,,,,,,,,,,,,,,,,,,,,,,,,,,,,,,,,,,,,,,,,,,,,,,,,,,,,,,,,,,,,
3.955,3.98,3.975,4.02,4.01,4.02,4.01,4.025,4.04,4.035,4.025,3.99,4.015,4.025,4.03,4.035,4.015,4.04,4.05,4.065,4.07,4.06,4.07,4.095,4.095,4.075,4.065,4.055,4.035,4.04,4.03,4.04,4.03,4.04,4.04,4.04,4.02,,,,,,,,,,,,,,,,,,,,,,,,,,,,,,,,,,,,,,,,,,,,,,,,,,,,,,,,,,,,,,,,,,,,,,,,,,,,,,,,,,,,,,,,,,,,,,,,,,,,,,,,,,,,,,,,,,,,,,,,,,,,,,,,,,,,,,,,,,,,,,,,,,,,,,,,,,,,,,,,,,,,,,,,,,,,,,,,,,,,,,,,,,,,,,,,,,,,,,,,,,,,,,,,,,,,,,,,,,,,,,,,,,,,,,,,,,,,,,,,,,,,,,,,,,,,,,,,,,,,,,,
4.265,4.265,4.245,4.27,4.275,4.295,4.3,4.32,4.33,4.305,4.285,4.285,4.285,4.315,4.29,4.32,4.325,4.33,4.34,4.315,4.31,4.355,4.325,4.295,4.3,4.29,4.28,4.26,4.255,4.25,4.245,4.265,4.28,4.275,4.265,4.25,4.245,4.225,4.215,,,,,,,,,,,,,,,,,,,,,,,,,,,,,,,,,,,,,,,,,,,,,,,,,,,,,,,,,,,,,,,,,,,,,,,,,,,,,,,,,,,,,,,,,,,,,,,,,,,,,,,,,,,,,,,,,,,,,,,,,,,,,,,,,,,,,,,,,,,,,,,,,,,,,,,,,,,,,,,,,,,,,,,,,,,,,,,,,,,,,,,,,,,,,,,,,,,,,,,,,,,,,,,,,,,,,,,,,,,,,,,,,,,,,,,,,,,,,,,,,,,,,,,,,,,,,,,,,,,,,
4.045,4.045,4.035,4.045,4.055,4.055,4.065,4.04,4.06,4.065,4.07,4.025,4.03,4.04,4.035,4.04,4.025,4.015,4.035,4.01,4.05,4.055,4.055,4.075,4.095,4.095,4.1,4.115,4.12,4.145,4.135,4.13,4.14,4.15,4.145,4.145,,,,,,,,,,,,,,,,,,,,,,,,,,,,,,,,,,,,,,,,,,,,,,,,,,,,,,,,,,,,,,,,,,,,,,,,,,,,,,,,,,,,,,,,,,,,,,,,,,,,,,,,,,,,,,,,,,,,,,,,,,,,,,,,,,,,,,,,,,,,,,,,,,,,,,,,,,,,,,,,,,,,,,,,,,,,,,,,,,,,,,,,,,,,,,,,,,,,,,,,,,,,,,,,,,,,,,,,,,,,,,,,,,,,,,,,,,,,,,,,,,,,,,,,,,,,,,,,,,,,,,,,
4.1,4.08,4.075,4.05,4.07,4.065,4.08,4.09,4.05,4.01,4.01,4.015,4.005,3.995,3.98,3.98,3.975,3.96,3.98,4.005,3.995,3.995,3.985,4.015,4.005,4.015,4.03,4.02,,,,,,,,,,,,,,,,,,,,,,,,,,,,,,,,,,,,,,,,,,,,,,,,,,,,,,,,,,,,,,,,,,,,,,,,,,,,,,,,,,,,,,,,,,,,,,,,,,,,,,,,,,,,,,,,,,,,,,,,,,,,,,,,,,,,,,,,,,,,,,,,,,,,,,,,,,,,,,,,,,,,,,,,,,,,,,,,,,,,,,,,,,,,,,,,,,,,,,,,,,,,,,,,,,,,,,,,,,,,,,,,,,,,,,,,,,,,,,,,,,,,,,,,,,,,,,,,,,,,,,,,,,,,,,,,
3.935,3.95,3.955,3.97,3.975,3.975,3.96,3.965,3.965,3.965,3.975,3.955,3.95,3.93,3.915,3.915,3.915,3.92,3.905,3.915,3.895,3.91,3.885,3.87,3.855,3.83,3.825,3.815,3.805,3.8,3.805,3.79,3.78,3.76,3.76,3.76,3.74,3.755,3.755,3.75,3.74,3.74,,,,,,,,,,,,,,,,,,,,,,,,,,,,,,,,,,,,,,,,,,,,,,,,,,,,,,,,,,,,,,,,,,,,,,,,,,,,,,,,,,,,,,,,,,,,,,,,,,,,,,,,,,,,,,,,,,,,,,,,,,,,,,,,,,,,,,,,,,,,,,,,,,,,,,,,,,,,,,,,,,,,,,,,,,,,,,,,,,,,,,,,,,,,,,,,,,,,,,,,,,,,,,,,,,,,,,,,,,,,,,,,,,,,,,,,,,,,,,,,,,,,,,,,,,,,,,,,,,
4.055,4.025,3.99,4.0,4.0,4.0,3.995,4.025,4.04,4.05,4.065,4.095,4.1,4.085,4.085,4.07,4.1,4.115,4.135,4.15,4.15,4.16,4.175,4.175,4.17,4.18,4.195,4.185,4.19,4.195,4.22,4.235,4.25,4.25,4.235,4.24,4.24,4.235,4.235,4.23,4.23,4.235,4.23,,,,,,,,,,,,,,,,,,,,,,,,,,,,,,,,,,,,,,,,,,,,,,,,,,,,,,,,,,,,,,,,,,,,,,,,,,,,,,,,,,,,,,,,,,,,,,,,,,,,,,,,,,,,,,,,,,,,,,,,,,,,,,,,,,,,,,,,,,,,,,,,,,,,,,,,,,,,,,,,,,,,,,,,,,,,,,,,,,,,,,,,,,,,,,,,,,,,,,,,,,,,,,,,,,,,,,,,,,,,,,,,,,,,,,,,,,,,,,,,,,,,,,,,,,,,,,,,,
3.75,3.78,3.78,3.76,3.775,3.76,3.79,3.795,3.8,3.785,3.78,3.745,3.75,3.735,3.725,3.73,3.715,3.695,3.695,3.7,3.695,3.705,3.71,3.715,3.71,3.71,3.71,3.705,3.685,3.685,,,,,,,,,,,,,,,,,,,,,,,,,,,,,,,,,,,,,,,,,,,,,,,,,,,,,,,,,,,,,,,,,,,,,,,,,,,,,,,,,,,,,,,,,,,,,,,,,,,,,,,,,,,,,,,,,,,,,,,,,,,,,,,,,,,,,,,,,,,,,,,,,,,,,,,,,,,,,,,,,,,,,,,,,,,,,,,,,,,,,,,,,,,,,,,,,,,,,,,,,,,,,,,,,,,,,,,,,,,,,,,,,,,,,,,,,,,,,,,,,,,,,,,,,,,,,,,,,,,,,,,,,,,,,,
3.865,3.89,3.885,3.86,3.88,3.9,3.895,3.89,3.885,3.895,3.885,3.885,3.88,3.875,3.87,3.86,3.85,3.86,3.87,3.87,3.88,3.87,3.875,3.87,3.86,3.86,3.855,3.845,3.83,3.85,3.85,3.84,3.825,3.835,3.84,3.835,,,,,,,,,,,,,,,,,,,,,,,,,,,,,,,,,,,,,,,,,,,,,,,,,,,,,,,,,,,,,,,,,,,,,,,,,,,,,,,,,,,,,,,,,,,,,,,,,,,,,,,,,,,,,,,,,,,,,,,,,,,,,,,,,,,,,,,,,,,,,,,,,,,,,,,,,,,,,,,,,,,,,,,,,,,,,,,,,,,,,,,,,,,,,,,,,,,,,,,,,,,,,,,,,,,,,,,,,,,,,,,,,,,,,,,,,,,,,,,,,,,,,,,,,,,,,,,,,,,,,,,,
3.225,3.23,3.24,3.22,3.23,3.23,3.235,3.235,3.235,3.25,3.265,3.23,3.23,3.205,3.185,3.17,3.155,3.135,3.12,3.11,3.095,3.08,3.075,3.055,3.06,3.06,3.065,3.065,3.08,3.075,3.085,,,,,,,,,,,,,,,,,,,,,,,,,,,,,,,,,,,,,,,,,,,,,,,,,,,,,,,,,,,,,,,,,,,,,,,,,,,,,,,,,,,,,,,,,,,,,,,,,,,,,,,,,,,,,,,,,,,,,,,,,,,,,,,,,,,,,,,,,,,,,,,,,,,,,,,,,,,,,,,,,,,,,,,,,,,,,,,,,,,,,,,,,,,,,,,,,,,,,,,,,,,,,,,,,,,,,,,,,,,,,,,,,,,,,,,,,,,,,,,,,,,,,,,,,,,,,,,,,,,,,,,,,,,,,
3.935,3.905,3.925,3.87,3.88,3.85,3.825,3.83,3.8,3.815,3.82,3.815,3.835,3.82,3.84,3.83,3.835,3.835,3.815,3.815,3.8,3.81,3.805,3.8,3.8,3.79,3.81,3.8,3.805,3.805,3.81,3.815,3.805,3.8,3.81,3.8,3.805,,,,,,,,,,,,,,,,,,,,,,,,,,,,,,,,,,,,,,,,,,,,,,,,,,,,,,,,,,,,,,,,,,,,,,,,,,,,,,,,,,,,,,,,,,,,,,,,,,,,,,,,,,,,,,,,,,,,,,,,,,,,,,,,,,,,,,,,,,,,,,,,,,,,,,,,,,,,,,,,,,,,,,,,,,,,,,,,,,,,,,,,,,,,,,,,,,,,,,,,,,,,,,,,,,,,,,,,,,,,,,,,,,,,,,,,,,,,,,,,,,,,,,,,,,,,,,,,,,,,,,,
3.52,3.52,3.54,3.55,3.53,3.515,3.53,3.53,3.535,3.52,3.525,3.53,3.535,3.525,3.52,3.485,3.47,3.465,3.44,3.435,3.435,3.44,3.45,3.455,3.455,3.465,3.465,3.455,3.46,3.46,3.47,3.475,3.49,3.49,3.505,3.49,3.5,,,,,,,,,,,,,,,,,,,,,,,,,,,,,,,,,,,,,,,,,,,,,,,,,,,,,,,,,,,,,,,,,,,,,,,,,,,,,,,,,,,,,,,,,,,,,,,,,,,,,,,,,,,,,,,,,,,,,,,,,,,,,,,,,,,,,,,,,,,,,,,,,,,,,,,,,,,,,,,,,,,,,,,,,,,,,,,,,,,,,,,,,,,,,,,,,,,,,,,,,,,,,,,,,,,,,,,,,,,,,,,,,,,,,,,,,,,,,,,,,,,,,,,,,,,,,,,,,,,,,,,
3.56,3.575,3.56,3.55,3.555,3.53,3.535,3.56,3.54,3.545,3.555,3.58,3.585,3.61,3.615,3.62,3.64,3.655,3.65,3.66,3.655,3.665,3.69,3.69,3.7,3.69,3.7,3.695,3.695,3.71,3.69,3.675,3.675,3.685,3.68,3.68,,,,,,,,,,,,,,,,,,,,,,,,,,,,,,,,,,,,,,,,,,,,,,,,,,,,,,,,,,,,,,,,,,,,,,,,,,,,,,,,,,,,,,,,,,,,,,,,,,,,,,,,,,,,,,,,,,,,,,,,,,,,,,,,,,,,,,,,,,,,,,,,,,,,,,,,,,,,,,,,,,,,,,,,,,,,,,,,,,,,,,,,,,,,,,,,,,,,,,,,,,,,,,,,,,,,,,,,,,,,,,,,,,,,,,,,,,,,,,,,,,,,,,,,,,,,,,,,,,,,,,,,
4.105,4.095,4.06,4.06,4.045,4.045,4.05,4.04,4.035,4.04,4.015,4.025,4.025,4.025,4.0,3.995,3.96,3.955,3.965,3.975,4.0,4.01,4.015,4.005,4.005,4.015,4.035,4.03,4.01,4.0,3.99,3.99,3.965,3.96,3.955,3.955,3.945,3.95,3.955,3.96,3.955,3.96,,,,,,,,,,,,,,,,,,,,,,,,,,,,,,,,,,,,,,,,,,,,,,,,,,,,,,,,,,,,,,,,,,,,,,,,,,,,,,,,,,,,,,,,,,,,,,,,,,,,,,,,,,,,,,,,,,,,,,,,,,,,,,,,,,,,,,,,,,,,,,,,,,,,,,,,,,,,,,,,,,,,,,,,,,,,,,,,,,,,,,,,,,,,,,,,,,,,,,,,,,,,,,,,,,,,,,,,,,,,,,,,,,,,,,,,,,,,,,,,,,,,,,,,,,,,,,,,,,
4.125,4.115,4.11,4.12,4.105,4.095,4.08,4.075,4.04,4.045,4.03,4.035,4.03,3.985,3.965,3.965,3.97,3.96,3.93,3.92,3.91,3.9,3.89,3.88,3.875,3.885,3.87,3.9,3.91,3.9,3.9,3.89,3.88,3.88,3.87,3.865,3.87,,,,,,,,,,,,,,,,,,,,,,,,,,,,,,,,,,,,,,,,,,,,,,,,,,,,,,,,,,,,,,,,,,,,,,,,,,,,,,,,,,,,,,,,,,,,,,,,,,,,,,,,,,,,,,,,,,,,,,,,,,,,,,,,,,,,,,,,,,,,,,,,,,,,,,,,,,,,,,,,,,,,,,,,,,,,,,,,,,,,,,,,,,,,,,,,,,,,,,,,,,,,,,,,,,,,,,,,,,,,,,,,,,,,,,,,,,,,,,,,,,,,,,,,,,,,,,,,,,,,,,,
3.605,3.62,3.64,3.63,3.65,3.635,3.66,3.655,3.645,3.645,3.635,3.59,3.605,3.615,3.63,3.62,3.605,3.62,3.615,3.625,3.645,3.64,3.625,3.635,3.64,3.64,3.635,3.635,3.65,3.65,3.67,3.68,3.67,3.655,3.66,3.645,3.645,3.62,3.615,3.61,3.62,3.62,3.65,3.655,3.66,3.67,3.665,3.67,3.675,,,,,,,,,,,,,,,,,,,,,,,,,,,,,,,,,,,,,,,,,,,,,,,,,,,,,,,,,,,,,,,,,,,,,,,,,,,,,,,,,,,,,,,,,,,,,,,,,,,,,,,,,,,,,,,,,,,,,,,,,,,,,,,,,,,,,,,,,,,,,,,,,,,,,,,,,,,,,,,,,,,,,,,,,,,,,,,,,,,,,,,,,,,,,,,,,,,,,,,,,,,,,,,,,,,,,,,,,,,,,,,,,,,,,,,,,,,,,,,,,,,,,,,,,,,
3.45,3.44,3.45,3.45,3.43,3.445,3.485,3.475,3.47,3.47,3.425,3.415,3.435,3.44,3.455,3.475,3.47,3.475,3.465,3.475,3.45,3.475,3.48,3.475,3.445,3.445,3.455,3.455,3.46,3.47,3.465,3.465,3.455,3.455,3.445,3.43,3.42,3.415,3.415,3.405,3.405,,,,,,,,,,,,,,,,,,,,,,,,,,,,,,,,,,,,,,,,,,,,,,,,,,,,,,,,,,,,,,,,,,,,,,,,,,,,,,,,,,,,,,,,,,,,,,,,,,,,,,,,,,,,,,,,,,,,,,,,,,,,,,,,,,,,,,,,,,,,,,,,,,,,,,,,,,,,,,,,,,,,,,,,,,,,,,,,,,,,,,,,,,,,,,,,,,,,,,,,,,,,,,,,,,,,,,,,,,,,,,,,,,,,,,,,,,,,,,,,,,,,,,,,,,,,,,,,,,,
4.065,4.03,4.06,4.04,3.99,3.965,3.96,3.94,3.925,3.93,3.95,3.97,3.99,3.97,3.95,3.96,3.97,3.975,3.975,3.995,3.98,3.985,3.98,3.975,3.955,3.96,3.95,3.955,3.975,3.97,3.955,3.935,3.93,3.94,3.935,3.935,3.935,,,,,,,,,,,,,,,,,,,,,,,,,,,,,,,,,,,,,,,,,,,,,,,,,,,,,,,,,,,,,,,,,,,,,,,,,,,,,,,,,,,,,,,,,,,,,,,,,,,,,,,,,,,,,,,,,,,,,,,,,,,,,,,,,,,,,,,,,,,,,,,,,,,,,,,,,,,,,,,,,,,,,,,,,,,,,,,,,,,,,,,,,,,,,,,,,,,,,,,,,,,,,,,,,,,,,,,,,,,,,,,,,,,,,,,,,,,,,,,,,,,,,,,,,,,,,,,,,,,,,,,
4.135,4.115,4.12,4.095,4.06,4.07,4.09,4.11,4.105,4.1,4.085,4.08,4.105,4.1,4.11,4.14,4.14,4.16,4.16,4.155,4.15,4.15,4.155,4.165,4.165,4.155,4.18,4.175,4.16,4.16,4.145,4.145,4.15,4.15,4.15,4.15,4.15,4.155,4.165,4.16,,,,,,,,,,,,,,,,,,,,,,,,,,,,,,,,,,,,,,,,,,,,,,,,,,,,,,,,,,,,,,,,,,,,,,,,,,,,,,,,,,,,,,,,,,,,,,,,,,,,,,,,,,,,,,,,,,,,,,,,,,,,,,,,,,,,,,,,,,,,,,,,,,,,,,,,,,,,,,,,,,,,,,,,,,,,,,,,,,,,,,,,,,,,,,,,,,,,,,,,,,,,,,,,,,,,,,,,,,,,,,,,,,,,,,,,,,,,,,,,,,,,,,,,,,,,,,,,,,,,
3.94,3.925,3.97,3.985,3.98,3.93,3.92,3.915,3.93,3.93,3.915,3.95,3.99,3.975,3.97,3.96,3.975,3.985,3.965,3.98,4.0,3.985,3.98,3.99,3.975,3.96,3.965,3.955,3.945,3.95,3.96,3.955,3.95,3.945,3.935,3.905,3.905,3.9,3.88,3.885,3.885,3.885,3.88,3.88,3.865,3.885,,,,,,,,,,,,,,,,,,,,,,,,,,,,,,,,,,,,,,,,,,,,,,,,,,,,,,,,,,,,,,,,,,,,,,,,,,,,,,,,,,,,,,,,,,,,,,,,,,,,,,,,,,,,,,,,,,,,,,,,,,,,,,,,,,,,,,,,,,,,,,,,,,,,,,,,,,,,,,,,,,,,,,,,,,,,,,,,,,,,,,,,,,,,,,,,,,,,,,,,,,,,,,,,,,,,,,,,,,,,,,,,,,,,,,,,,,,,,,,,,,,,,,,,,,,,,,
